"values","name"
"https://shop.hof-berggarten.de/samen-kaufen/einzelsaatgut/aquilegia-vulgaris-saatgut-kaufen.html","Aquilegia vulgaris - Wilde Akelei"
"https://shop.hof-berggarten.de/samen-kaufen/einzelsaatgut/inula-helenium-saatgut-kaufen.html","Inula helenium - Echter Alant"
"https://shop.hof-berggarten.de/samen-kaufen/einzelsaatgut/arnica-montana-397-saatgut-kaufen.html","Arnica montana - Arnika"
"https://shop.hof-berggarten.de/samen-kaufen/einzelsaatgut/valeriana-officinalis-saatgut-kaufen.html","Valeriana officinalis - Baldrian"
"https://shop.hof-berggarten.de/samen-kaufen/einzelsaatgut/heracleum-sphondylium-saatgut-kaufen.html","Heracleum sphondylium - Wiesenbärenklau"
"https://shop.hof-berggarten.de/samen-kaufen/einzelsaatgut/allium-ursinum-saatgut-kaufen.html","Allium ursinum - Bärlauch"
"https://shop.hof-berggarten.de/samen-kaufen/einzelsaatgut/meum-athamanticum-saatgut-kaufen.html","Meum athamanticum - Bärwurz"
"https://shop.hof-berggarten.de/samen-kaufen/einzelsaatgut/ocimum-basilicum-saatgut-kaufen.html","Ocimum basilicum - Basilikum"
"https://shop.hof-berggarten.de/samen-kaufen/einzelsaatgut/artemisia-vulgaris-saatgut-kaufen.html","Artemisia vulgaris - Beifuss"
"https://shop.hof-berggarten.de/samen-kaufen/einzelsaatgut/calamintha-sylvatica-saatgut-kaufen.html","Calamintha sylvatica - Echte Bergminze"
"https://shop.hof-berggarten.de/samen-kaufen/einzelsaatgut/jasione-montana-saatgut-kaufen.html","Jasione montana - Bergsandglöckchen"
"https://shop.hof-berggarten.de/samen-kaufen/einzelsaatgut/pimpinella-major-saatgut-kaufen.html","Pimpinella major - Große Bibernelle"
"https://shop.hof-berggarten.de/samen-kaufen/einzelsaatgut/pimpinella-saxifraga-saatgut-kaufen.html","Pimpinella saxifraga - Kleine Bibernelle"
"https://shop.hof-berggarten.de/samen-kaufen/einzelsaatgut/festuca-cinerea-saatgut-kaufen.html","Festuca cinerea - Blauschwingel"
"https://shop.hof-berggarten.de/samen-kaufen/einzelsaatgut/lythrum-salicaria-saatgut-kaufen.html","Lythrum salicaria - Blutweiderich"
"https://shop.hof-berggarten.de/samen-kaufen/einzelsaatgut/tragopogon-pratensis-saatgut-kaufen.html","Tragopogon pratensis - Wiesenbocksbart"
"https://shop.hof-berggarten.de/samen-kaufen/einzelsaatgut/satureja-hortensis-saatgut-kaufen.html","Satureja hortensis - Gartenbohnenkraut"
"https://shop.hof-berggarten.de/samen-kaufen/einzelsaatgut/satureja-montana-saatgut-kaufen.html","Satureja montana - Winterbohnenkraut"
"https://shop.hof-berggarten.de/samen-kaufen/einzelsaatgut/borago-officinalis-saatgut-kaufen.html","Borago officinalis - Borretsch"
"https://shop.hof-berggarten.de/samen-kaufen/einzelsaatgut/prunella-grandiflora-saatgut-kaufen.html","Prunella grandiflora - Große Braunelle"
"https://shop.hof-berggarten.de/samen-kaufen/einzelsaatgut/prunella-vulgaris-saatgut-kaufen.html","Prunella vulgaris - Kleine Braunelle"
"https://shop.hof-berggarten.de/samen-kaufen/einzelsaatgut/lychnis-chalcedonica-saatgut-kaufen.html","Lychnis chalcedonica - Brennende Liebe"
"https://shop.hof-berggarten.de/samen-kaufen/einzelsaatgut/urtica-dioica-saatgut-kaufen.html","Urtica dioica - Große Brennessel"
"https://shop.hof-berggarten.de/samen-kaufen/einzelsaatgut/fagopyrum-esculentum-saatgut-kaufen.html","Fagopyrum esculentum - Buchweizen"
"https://shop.hof-berggarten.de/samen-kaufen/einzelsaatgut/anethum-graveolens-saatgut-kaufen.html","Anethum graveolens - Dill"
"https://shop.hof-berggarten.de/samen-kaufen/einzelsaatgut/dictamnus-albus-saatgut-kaufen.html","Dictamnus albus - Diptam"
"https://shop.hof-berggarten.de/samen-kaufen/einzelsaatgut/carduus-nutans-saatgut-kaufen.html","Carduus nutans - Nickende Distel"
"https://shop.hof-berggarten.de/samen-kaufen/einzelsaatgut/dracocephalum-moldavica-samen-kaufen-saatgut-kaufen.html","Dracocephalum moldavica - Türkischer Drachenkopf"
"https://shop.hof-berggarten.de/samen-kaufen/einzelsaatgut/veronica-spicata-saatgut-kaufen.html","Veronica spicata - Ähriger Ehrenpreis"
"https://shop.hof-berggarten.de/samen-kaufen/einzelsaatgut/veronica-chamaedrys-saatgut-kaufen.html","Veronica chamaedrys - Gamanderehrenpreis"
"https://shop.hof-berggarten.de/samen-kaufen/einzelsaatgut/veronica-teucrium-saatgut-kaufen.html","Veronica teucrium - Großer Ehrenpreis"
"https://shop.hof-berggarten.de/samen-kaufen/einzelsaatgut/veronica-officinalis-saatgut-kaufen.html","Veronica officinalis - Waldehrenpreis"
"https://shop.hof-berggarten.de/samen-kaufen/einzelsaatgut/althaea-officinalis-saatgut-kaufen.html","Althaea officinalis - Echter Eibisch"
"https://shop.hof-berggarten.de/samen-kaufen/einzelsaatgut/aconitum-napellus-saatgut-kaufen.html","Aconitum napellus - Blauer Eisenhut"
"https://shop.hof-berggarten.de/samen-kaufen/einzelsaatgut/aconitum-vulparia-saatgut-kaufen.html","Aconitum vulparia - Gelber Eisenhut"
"https://shop.hof-berggarten.de/samen-kaufen/einzelsaatgut/verbena-officinalis-saatgut-kaufen.html","Verbena officinalis - Eisenkraut"
"https://shop.hof-berggarten.de/samen-kaufen/einzelsaatgut/angelica-sylvestris-saatgut-kaufen.html","Angelica sylvestris - Gem. Engelwurz"
"https://shop.hof-berggarten.de/samen-kaufen/einzelsaatgut/gentiana-lutea-saatgut-kaufen.html","Gentiana lutea - Gelber Enzian"
"https://shop.hof-berggarten.de/samen-kaufen/einzelsaatgut/gentiana-cruciata-saatgut-kaufen.html","Gentiana cruciata - Kreuzenzian"
"https://shop.hof-berggarten.de/samen-kaufen/einzelsaatgut/fumaria-officinalis-saatgut-kaufen.html","Fumaria officinalis - Erdrauch"
"https://shop.hof-berggarten.de/samen-kaufen/einzelsaatgut/angelica-archangelica-saatgut-kaufen.html","Angelica archangelica - Erzengelwurz"
"https://shop.hof-berggarten.de/samen-kaufen/einzelsaatgut/onopordum-acanthium-saatgut-kaufen.html","Onopordum acanthium - Eselsdistel"
"https://shop.hof-berggarten.de/samen-kaufen/einzelsaatgut/onobrychis-viciifolia-saatgut-kaufen.html","Onobrychis viciifolia - Esparsette"
"https://shop.hof-berggarten.de/samen-kaufen/einzelsaatgut/anthemis-tinctoria-saatgut-kaufen.html","Anthemis tinctoria - Färberkamille"
"https://shop.hof-berggarten.de/samen-kaufen/einzelsaatgut/serratula-tinctoria-saatgut-kaufen.html","Serratula tinctoria - Färberscharte"
"https://shop.hof-berggarten.de/samen-kaufen/einzelsaatgut/isatis-tinctoria-saatgut-kaufen.html","Isatis tinctoria - Färberwaid"
"https://shop.hof-berggarten.de/samen-kaufen/einzelsaatgut/foeniculum-vulgare-saatgut-kaufen.html","Foeniculum vulgare - Fenchel"
"https://shop.hof-berggarten.de/samen-kaufen/einzelsaatgut/hypochoeris-radicata-saatgut-kaufen.html","Hypochoeris radicata - Gem. Ferkelkraut"
"https://shop.hof-berggarten.de/samen-kaufen/einzelsaatgut/sedum-telephium-saatgut-kaufen.html","Sedum telephium - Purpurfetthenne"
"https://shop.hof-berggarten.de/samen-kaufen/einzelsaatgut/digitalis-lutea-saatgut-kaufen.html","Digitalis lutea - Gelber Fingerhut"
"https://shop.hof-berggarten.de/samen-kaufen/einzelsaatgut/digitalis-grandiflora-saatgut-kaufen.html","Digitalis grandiflora - Großblüt. Fingerhut"
"https://shop.hof-berggarten.de/samen-kaufen/einzelsaatgut/digitalis-purpurea-saatgut-kaufen.html","Digitalis purpurea - Roter Fingerhut"
"https://shop.hof-berggarten.de/samen-kaufen/einzelsaatgut/centaurea-montana-saatgut-kaufen.html","Centaurea montana - Bergflockenblume"
"https://shop.hof-berggarten.de/samen-kaufen/einzelsaatgut/centaurea-nigra-saatgut-kaufen.html","Centaurea nigra - Dunkle Flockenblume"
"https://shop.hof-berggarten.de/samen-kaufen/einzelsaatgut/centaurea-stoebe-saatgut-kaufen.html","Centaurea stoebe - Rispenflockenblume"
"https://shop.hof-berggarten.de/samen-kaufen/einzelsaatgut/centaurea-scabiosa-saatgut-kaufen.html","Centaurea scabiosa - Skabiosenflockenblume"
"https://shop.hof-berggarten.de/samen-kaufen/einzelsaatgut/centaurea-jacea-saatgut-kaufen.html","Centaurea jacea - Wiesenflockenblume"
"https://shop.hof-berggarten.de/samen-kaufen/einzelsaatgut/alchemilla-vulgaris-saatgut-kaufen.html","Alchemilla vulgaris - Gemeines Frauenmäntelchen"
"https://shop.hof-berggarten.de/samen-kaufen/einzelsaatgut/teucrium-chamaedrys-saatgut-kaufen.html","Teucrium chamaedrys - Edelgamander"
"https://shop.hof-berggarten.de/samen-kaufen/einzelsaatgut/bellis-perennis-saatgut-kaufen.html","Bellis perennis - Gänseblümchen"
"https://shop.hof-berggarten.de/samen-kaufen/einzelsaatgut/achillea-millefolium-saatgut-kaufen.html","Achillea millefolium - Gemeine Schafgarbe"
"https://shop.hof-berggarten.de/samen-kaufen/einzelsaatgut/lysimachia-vulgaris-saatgut-kaufen.html","Lysimachia vulgaris - Gilbweiderich"
"https://shop.hof-berggarten.de/samen-kaufen/einzelsaatgut/genista-tinctoria-saatgut-kaufen.html","Genista tinctoria - Färberginster"
"https://shop.hof-berggarten.de/samen-kaufen/einzelsaatgut/campanula-glomerata-saatgut-kaufen.html","Campanula glomerata - Knäuelglockenblume"
"https://shop.hof-berggarten.de/samen-kaufen/einzelsaatgut/campanula-rapunculoides-saatgut-kaufen.html","Campanula rapunculoides - Ackerglockenblume"
"https://shop.hof-berggarten.de/samen-kaufen/einzelsaatgut/campanula-barbata-saatgut-kaufen.html","Campanula barbata - Bärtige Glockenblume"
"https://shop.hof-berggarten.de/samen-kaufen/einzelsaatgut/campanula-trachelium-saatgut-kaufen.html","Campanula trachelium - Nesselblätt.Glockenbl."
"https://shop.hof-berggarten.de/samen-kaufen/einzelsaatgut/campanula-persicifolia-saatgut-kaufen.html","Campanula persicifolia - Pfirsichblätt. Glockenbl."
"https://shop.hof-berggarten.de/samen-kaufen/einzelsaatgut/campanula-rapunculus-saatgut-kaufen.html","Campanula rapunculus - Rapunzelglockenblume"
"https://shop.hof-berggarten.de/samen-kaufen/einzelsaatgut/campanula-rotundifolia-saatgut-kaufen.html","Campanula rotundifolia - Rundblättrige Glockenblume"
"https://shop.hof-berggarten.de/samen-kaufen/einzelsaatgut/campanula-latifolia-saatgut-kaufen.html","Campanula latifolia - Waldglockenblume"
"https://shop.hof-berggarten.de/samen-kaufen/einzelsaatgut/campanula-patula-saatgut-kaufen.html","Campanula patula - Wiesenglockenblume"
"https://shop.hof-berggarten.de/samen-kaufen/einzelsaatgut/carlina-vulgaris-saatgut-kaufen.html","Carlina vulgaris - Golddistel"
"https://shop.hof-berggarten.de/samen-kaufen/einzelsaatgut/eschscholtzia-californica-saatgut-kaufen.html","Eschscholtzia californica - Goldmohn"
"https://shop.hof-berggarten.de/samen-kaufen/einzelsaatgut/solidago-virgaurea-saatgut-kaufen.html","Solidago virgaurea - Echte Goldrute"
"https://shop.hof-berggarten.de/samen-kaufen/einzelsaatgut/anthericum-ramosum-saatgut-kaufen.html","Anthericum ramosum - Ästige Graslilie"
"https://shop.hof-berggarten.de/samen-kaufen/einzelsaatgut/anthericum-liliago-saatgut-kaufen.html","Anthericum liliago - Astlose Graslilie"
"https://shop.hof-berggarten.de/samen-kaufen/einzelsaatgut/armeria-maritima-saatgut-kaufen.html","Armeria maritima - Grasnelke"
"https://shop.hof-berggarten.de/samen-kaufen/einzelsaatgut/ajuga-reptans-saatgut-kaufen.html","Ajuga reptans - Kriechender Günsel"
"https://shop.hof-berggarten.de/samen-kaufen/einzelsaatgut/hieracium-pilosella-saatgut-kaufen.html","Hieracium pilosella - Kleines Habichtskraut"
"https://shop.hof-berggarten.de/samen-kaufen/einzelsaatgut/hieracium-aurantiacum-saatgut-kaufen.html","Hieracium aurantiacum - Orangerot. Habichtskraut"
"https://shop.hof-berggarten.de/samen-kaufen/einzelsaatgut/hieracium-sylvaticum-saatgut-kaufen.html","Hieracium sylvaticum - Waldhabichtskraut"
"https://shop.hof-berggarten.de/samen-kaufen/einzelsaatgut/tragopogon-porrifolius-saatgut-kaufen.html","Tragopogon porrifolius - Haferwurz"
"https://shop.hof-berggarten.de/samen-kaufen/einzelsaatgut/ranunculus-acris-saatgut-kaufen.html","Ranunculus acris - Scharfer Hahnenfuß"
"https://shop.hof-berggarten.de/samen-kaufen/einzelsaatgut/ononis-spinosa-saatgut-kaufen.html","Ononis spinosa - Hauhechel"
"https://shop.hof-berggarten.de/samen-kaufen/einzelsaatgut/betonica-officinalis-saatgut-kaufen.html","Betonica officinalis - Heilziest, Betonie"
"https://shop.hof-berggarten.de/samen-kaufen/einzelsaatgut/chenopodium-bonus-henricus-saatgut-kaufen.html","Chenopodium bonus-henricus - Guter Heinrich"
"https://shop.hof-berggarten.de/samen-kaufen/einzelsaatgut/leonurus-cardiaca-saatgut-kaufen.html","Leonurus cardiaca - Herzgespann"
"https://shop.hof-berggarten.de/samen-kaufen/einzelsaatgut/polemonium-caeruleum-saatgut-kaufen.html","Polemonium caeruleum - Himmelsleiter"
"https://shop.hof-berggarten.de/samen-kaufen/einzelsaatgut/lotus-corniculatus-saatgut-kaufen.html","Lotus corniculatus - Hornschotenklee"
"https://shop.hof-berggarten.de/samen-kaufen/einzelsaatgut/cynoglossum-officinalis-saatgut-kaufen.html","Cynoglossum officinalis - Hundszunge"
"https://shop.hof-berggarten.de/samen-kaufen/einzelsaatgut/hypericum-perforatum-saatgut-kaufen.html","Hypericum perforatum - Echtes Johanniskraut"
"https://shop.hof-berggarten.de/samen-kaufen/einzelsaatgut/nigella-damascena-saatgut-kaufen.html","Nigella damascena - Jungfer im Grünen"
"https://shop.hof-berggarten.de/samen-kaufen/einzelsaatgut/aster-amellus-saatgut-kaufen.html","Aster amellus - Kalkaster"
"https://shop.hof-berggarten.de/samen-kaufen/einzelsaatgut/matricaria-recutica-saatgut-kaufen.html","Matricaria recutica - Echte Kamille"
"https://shop.hof-berggarten.de/samen-kaufen/einzelsaatgut/chamaemelum-nobilis-saatgut-kaufen.html","Chamaemelum nobilis - Römische Kamille"
"https://shop.hof-berggarten.de/samen-kaufen/einzelsaatgut/tropaeolum-majus-saatgut-kaufen.html","Tropaeolum majus - Kapuzinerkresse"
"https://shop.hof-berggarten.de/samen-kaufen/einzelsaatgut/dipsacus-fullonum-saatgut-kaufen.html","Dipsacus fullonum - Wilde Karde"
"https://shop.hof-berggarten.de/samen-kaufen/einzelsaatgut/nepeta-cataria-saatgut-kaufen.html","Nepeta cataria - Katzenminze"
"https://shop.hof-berggarten.de/samen-kaufen/einzelsaatgut/antennaria-dioica-saatgut-kaufen.html","Antennaria dioica - Katzenpfötchen"
"https://shop.hof-berggarten.de/samen-kaufen/einzelsaatgut/rhinanthus-minor-saatgut-kaufen.html","Rhinanthus minor - Kleiner Klappertopf"
"https://shop.hof-berggarten.de/samen-kaufen/einzelsaatgut/rhinanthus-alecterolophus-saatgut-kaufen.html","Rhinanthus alecterolophus - Zottiger Klappertopf"
"https://shop.hof-berggarten.de/samen-kaufen/einzelsaatgut/trifolium-arvense-saatgut-kaufen.html","Trifolium arvense - Hasenklee"
"https://shop.hof-berggarten.de/samen-kaufen/einzelsaatgut/trifolium-pratense-saatgut-kaufen.html","Trifolium pratense - Wiesenrotklee"
"https://shop.hof-berggarten.de/samen-kaufen/einzelsaatgut/alliaria-petiolata-saatgut-kaufen.html","Alliaria petiolata - Knoblauchsrauke"
"https://shop.hof-berggarten.de/samen-kaufen/einzelsaatgut/verbascum-densiflorum-saatgut-kaufen.html","Verbascum densiflorum - Großblüt. Königskerze"
"https://shop.hof-berggarten.de/samen-kaufen/einzelsaatgut/verbascum-thapsus-saatgut-kaufen.html","Verbascum thapsus - Kleinblüt. Königskerze"
"https://shop.hof-berggarten.de/samen-kaufen/einzelsaatgut/verbascum-phoeniceum-saatgut-kaufen.html","Verbascum phoeniceum - Purpur- Königskerze"
"https://shop.hof-berggarten.de/samen-kaufen/einzelsaatgut/verbascum-nigrum-saatgut-kaufen.html","Verbascum nigrum - Schwarze Königskerze"
"https://shop.hof-berggarten.de/samen-kaufen/einzelsaatgut/coriandrum-sativum-saatgut-kaufen.html","Coriandrum sativum - Koriander"
"https://shop.hof-berggarten.de/samen-kaufen/einzelsaatgut/centaurea-cyanus-saatgut-kaufen.html","Centaurea cyanus - Kornblume"
"https://shop.hof-berggarten.de/samen-kaufen/einzelsaatgut/agrostemma-githago-saatgut-kaufen.html","Agrostemma githago - Kornrade"
"https://shop.hof-berggarten.de/samen-kaufen/einzelsaatgut/cirsium-eriophorum-saatgut-kaufen.html","Cirsium eriophorum - Wollköpf. Kratzdistel"
"https://shop.hof-berggarten.de/samen-kaufen/einzelsaatgut/coronilla-varia-saatgut-kaufen.html","Coronilla varia - Kronwicke"
"https://shop.hof-berggarten.de/samen-kaufen/einzelsaatgut/echinops-sphaerocephalum-saatgut-kaufen.html","Echinops sphaerocephalum - Wilde Kugeldistel"
"https://shop.hof-berggarten.de/samen-kaufen/einzelsaatgut/carum-carvi-saatgut-kaufen.html","Carum carvi - Kümmel"
"https://shop.hof-berggarten.de/samen-kaufen/einzelsaatgut/galium-verum-saatgut-kaufen.html","Galium verum - Echtes Labkraut"
"https://shop.hof-berggarten.de/samen-kaufen/einzelsaatgut/galium-mollugo-saatgut-kaufen.html","Galium mollugo - Wiesenlabkraut"
"https://shop.hof-berggarten.de/samen-kaufen/einzelsaatgut/lavandula-officinalis-saatgut-kaufen.html","Lavandula officinalis - Lavendel"
"https://shop.hof-berggarten.de/samen-kaufen/einzelsaatgut/silene-nutans-saatgut-kaufen.html","Silene nutans - Nickendes Leimkraut"
"https://shop.hof-berggarten.de/samen-kaufen/einzelsaatgut/linaria-vulgaris-saatgut-kaufen.html","Linaria vulgaris - Wildes Leinkraut"
"https://shop.hof-berggarten.de/samen-kaufen/einzelsaatgut/silene-noctiflora-saatgut-kaufen.html","Silene noctiflora - Ackerlichtnelke"
"https://shop.hof-berggarten.de/samen-kaufen/einzelsaatgut/lychnis-flos-cuculi-saatgut-kaufen.html","Lychnis flos-cuculi - Kuckuckslichtnelke"
"https://shop.hof-berggarten.de/samen-kaufen/einzelsaatgut/silene-dioica-saatgut-kaufen.html","Silene dioica - Rote Lichtnelke"
"https://shop.hof-berggarten.de/samen-kaufen/einzelsaatgut/levisticum-officinalis-saatgut-kaufen.html","Levisticum officinalis - Liebstöckel"
"https://shop.hof-berggarten.de/samen-kaufen/einzelsaatgut/cochlearia-officinalis-saatgut-kaufen.html","Cochlearia officinalis - Löffelkraut"
"https://shop.hof-berggarten.de/samen-kaufen/einzelsaatgut/antirrhinum-orontium-saatgut-kaufen.html","Antirrhinum orontium - Ackerlöwenmaul"
"https://shop.hof-berggarten.de/samen-kaufen/einzelsaatgut/antirrhinum-majus-331-saatgut-kaufen.html","Antirrhinum majus - Großes Löwenmaul"
"https://shop.hof-berggarten.de/samen-kaufen/einzelsaatgut/leontodon-autumnalis-saatgut-kaufen.html","Leontodon autumnalis - Herbstlöwenzahn"
"https://shop.hof-berggarten.de/samen-kaufen/einzelsaatgut/leontodon-hispidus-saatgut-kaufen.html","Leontodon hispidus - Rauher Löwenzahn"
"https://shop.hof-berggarten.de/samen-kaufen/einzelsaatgut/filipendula-ulmaria-saatgut-kaufen.html","Filipendula ulmaria - Mädesüß"
"https://shop.hof-berggarten.de/samen-kaufen/einzelsaatgut/majorana-hortensis-saatgut-kaufen.html","Majorana hortensis - Echter Majoran"
"https://shop.hof-berggarten.de/samen-kaufen/einzelsaatgut/malva-moschata-saatgut-kaufen.html","Malva moschata - Moschusmalve"
"https://shop.hof-berggarten.de/samen-kaufen/einzelsaatgut/malva-sylvestris-saatgut-kaufen.html","Malva sylvestris - Wilde Malve"
"https://shop.hof-berggarten.de/samen-kaufen/einzelsaatgut/malva-neglecta-saatgut-kaufen.html","Malva neglecta - Wegmalve"
"https://shop.hof-berggarten.de/samen-kaufen/einzelsaatgut/chrysanthemum-corymbosum-saatgut-kaufen.html","Chrysanthemum corymbosum - Straußblüt. Margerite"
"https://shop.hof-berggarten.de/samen-kaufen/einzelsaatgut/leucanthemum-vulgare-saatgut-kaufen.html","Leucanthemum vulgare - Wiesenmargerite"
"https://shop.hof-berggarten.de/samen-kaufen/einzelsaatgut/silybum-marianum-saatgut-kaufen.html","Silybum marianum - Mariendistel"
"https://shop.hof-berggarten.de/samen-kaufen/einzelsaatgut/cymbalaria-muralis-saatgut-kaufen.html","Cymbalaria muralis - Mauerblümchen"
"https://shop.hof-berggarten.de/samen-kaufen/einzelsaatgut/sedum-acre-saatgut-kaufen.html","Sedum acre - Scharfer Mauerpfeffer"
"https://shop.hof-berggarten.de/samen-kaufen/einzelsaatgut/sedum-album-saatgut-kaufen.html","Sedum album - Weißer Mauerpfeffer"
"https://shop.hof-berggarten.de/samen-kaufen/einzelsaatgut/mentha-pulegium-saatgut-kaufen.html","Mentha pulegium - Poleiminze"
"https://shop.hof-berggarten.de/samen-kaufen/einzelsaatgut/papaver-nudicaule-saatgut-kaufen.html","Papaver nudicaule - Islandmohn"
"https://shop.hof-berggarten.de/samen-kaufen/einzelsaatgut/papaver-rhoeas-saatgut-kaufen.html","Papaver rhoeas - Klatschmohn"
"https://shop.hof-berggarten.de/samen-kaufen/einzelsaatgut/papaver-dubium-saatgut-kaufen.html","Papaver dubium - Saatmohn"
"https://shop.hof-berggarten.de/samen-kaufen/einzelsaatgut/papaver-argemone-saatgut-kaufen.html","Papaver argemone - Sandmohn"
"https://shop.hof-berggarten.de/samen-kaufen/einzelsaatgut/papaver-somniferum-saatgut-kaufen.html","Papaver somniferum - Schlafmohn"
"https://shop.hof-berggarten.de/samen-kaufen/einzelsaatgut/papaver-orientale-saatgut-kaufen.html","Papaver orientale - Türkenmohn"
"https://shop.hof-berggarten.de/samen-kaufen/einzelsaatgut/daucus-carota-saatgut-kaufen.html","Daucus carota - Wilde Möhre"
"https://shop.hof-berggarten.de/samen-kaufen/einzelsaatgut/chrysanthemum-parthenium-saatgut-kaufen.html","Chrysanthemum parthenium - Mutterkraut"
"https://shop.hof-berggarten.de/samen-kaufen/einzelsaatgut/oenothera-biennis-saatgut-kaufen.html","Oenothera biennis - Nachtkerze"
"https://shop.hof-berggarten.de/samen-kaufen/einzelsaatgut/silene-alba-saatgut-kaufen.html","Silene alba - Weiße Nachtnelke"
"https://shop.hof-berggarten.de/samen-kaufen/einzelsaatgut/hesperis-matronalis-236-saatgut-kaufen.html","Hesperis matronalis - Nachtviole"
"https://shop.hof-berggarten.de/samen-kaufen/einzelsaatgut/echium-vulgare-saatgut-kaufen.html","Echium vulgare - Natternkopf"
"https://shop.hof-berggarten.de/samen-kaufen/einzelsaatgut/tunica-saxifraga-saatgut-kaufen.html","Tunica saxifraga - Felsennelke"
"https://shop.hof-berggarten.de/samen-kaufen/einzelsaatgut/dianthus-deltoides-saatgut-kaufen.html","Dianthus deltoides - Heidenelke"
"https://shop.hof-berggarten.de/samen-kaufen/einzelsaatgut/dianthus-carthusianorum-saatgut-kaufen-wildblumen-saatgut-kaufen.html","Dianthus carthusianorum - Karthäusernelke - Karthäusernelke"
"https://shop.hof-berggarten.de/samen-kaufen/einzelsaatgut/dianthus-superbus-saatgut-kaufen.html","Dianthus superbus - Prachtnelke"
"https://shop.hof-berggarten.de/samen-kaufen/einzelsaatgut/silene-armeria-saatgut-kaufen.html","Silene armeria - Nelkenleimkraut"
"https://shop.hof-berggarten.de/samen-kaufen/einzelsaatgut/geum-rivale-saatgut-kaufen.html","Geum rivale - Bachnelkwurz"
"https://shop.hof-berggarten.de/samen-kaufen/einzelsaatgut/buphthalmum-salicifolium-saatgut-kaufen.html","Buphthalmum salicifolium - Ochsenauge"
"https://shop.hof-berggarten.de/samen-kaufen/einzelsaatgut/anchusa-officinalis-saatgut-kaufen.html","Anchusa officinalis - Wilde Ochsenzunge"
"https://shop.hof-berggarten.de/samen-kaufen/einzelsaatgut/agrimonia-eupatoria-saatgut-kaufen.html","Agrimonia eupatoria - Odermennig"
"https://shop.hof-berggarten.de/samen-kaufen/einzelsaatgut/agrimonia-procera-saatgut-kaufen.html","Agrimonia procera - Wohlriech. Odermennig"
"https://shop.hof-berggarten.de/samen-kaufen/einzelsaatgut/origanum-vulgare-saatgut-kaufen.html","Origanum vulgare - Oregano, Dost"
"https://shop.hof-berggarten.de/samen-kaufen/einzelsaatgut/lychnis-viscaria-saatgut-kaufen.html","Lychnis viscaria - Pechnelke"
"https://shop.hof-berggarten.de/samen-kaufen/einzelsaatgut/petroselinum-crispum-saatgut-kaufen.html","Petroselinum crispum - Petersilie, krause"
"https://shop.hof-berggarten.de/samen-kaufen/einzelsaatgut/phacelia-tanacetifolia-saatgut-kaufen.html","Phacelia tanacetifolia - Phazelia, Bienenfreund"
"https://shop.hof-berggarten.de/samen-kaufen/einzelsaatgut/lathyrus-vernus-saatgut-kaufen.html","Lathyrus vernus - Frühlingsplatterbse"
"https://shop.hof-berggarten.de/samen-kaufen/einzelsaatgut/lathyrus-tuberosus-saatgut-kaufen.html","Lathyrus tuberosus - Knollenplatterbse"
"https://shop.hof-berggarten.de/samen-kaufen/einzelsaatgut/lathyrus-sylvestris-saatgut-kaufen.html","Lathyrus sylvestris - Waldplatterbse"
"https://shop.hof-berggarten.de/samen-kaufen/einzelsaatgut/tanacetum-vulgare-saatgut-kaufen.html","Tanacetum vulgare - Rainfarn"
"https://shop.hof-berggarten.de/samen-kaufen/einzelsaatgut/erodium-cicutarium-saatgut-kaufen.html","Erodium cicutarium - Reiherschnabel"
"https://shop.hof-berggarten.de/samen-kaufen/einzelsaatgut/calendula-arvensis-saatgut-kaufen.html","Calendula arvensis - Ackerringelblume"
"https://shop.hof-berggarten.de/samen-kaufen/einzelsaatgut/calendula-officinalis-saatgut-kaufen.html","Calendula officinalis - Gartenringelblume"
"https://shop.hof-berggarten.de/samen-kaufen/einzelsaatgut/consolida-regalis-saatgut-kaufen.html","Consolida regalis - Ackerrittersporn"
"https://shop.hof-berggarten.de/samen-kaufen/einzelsaatgut/anthoxanthum-odoratum-saatgut-kaufen.html","Anthoxanthum odoratum - Ruchgras"
"https://shop.hof-berggarten.de/samen-kaufen/einzelsaatgut/chrysanthemum-segetum-saatgut-kaufen.html","Chrysanthemum segetum - Saatwucherblume"
"https://shop.hof-berggarten.de/samen-kaufen/einzelsaatgut/carthamus-tinctorius-saatgut-kaufen.html","Carthamus tinctorius - Färber- Saflor"
"https://shop.hof-berggarten.de/samen-kaufen/einzelsaatgut/salvia-officinalis-saatgut-kaufen.html","Salvia officinalis - Echter Salbei"
"https://shop.hof-berggarten.de/samen-kaufen/einzelsaatgut/salvia-sclarea-saatgut-kaufen.html","Salvia sclarea - Muskatellersalbei"
"https://shop.hof-berggarten.de/samen-kaufen/einzelsaatgut/salvia-verticillata-saatgut-kaufen.html","Salvia verticillata - Quirlblüt.Salbei"
"https://shop.hof-berggarten.de/samen-kaufen/einzelsaatgut/salvia-pratensis-saatgut-kaufen.html","Salvia pratensis - Wiesensalbei"
"https://shop.hof-berggarten.de/samen-kaufen/einzelsaatgut/rumex-acetosa-saatgut-kaufen.html","Rumex acetosa - Großer Sauerampfer"
"https://shop.hof-berggarten.de/samen-kaufen/einzelsaatgut/achillea-nobilis-saatgut-kaufen.html","Achillea nobilis - Edle Schafgarbe"
"https://shop.hof-berggarten.de/samen-kaufen/einzelsaatgut/achillea-ptarmica-saatgut-kaufen.html","Achillea ptarmica - Sumpfschafgarbe"
"https://shop.hof-berggarten.de/samen-kaufen/einzelsaatgut/iberis-amara-saatgut-kaufen.html","Iberis amara - Bittere Schleifenblume"
"https://shop.hof-berggarten.de/samen-kaufen/einzelsaatgut/primula-veris-saatgut-kaufen.html","Primula veris - Echte Schlüsselblume"
"https://shop.hof-berggarten.de/samen-kaufen/einzelsaatgut/allium-schoenoprasum-saatgut-kaufen.html","Allium schoenoprasum - Schnittlauch"
"https://shop.hof-berggarten.de/samen-kaufen/einzelsaatgut/chelidonium-majus-saatgut-kaufen.html","Chelidonium majus - Schöllkraut"
"https://shop.hof-berggarten.de/samen-kaufen/einzelsaatgut/nigella-sativa-saatgut-kaufen.html","Nigella sativa - Schwarzkümmel"
"https://shop.hof-berggarten.de/samen-kaufen/einzelsaatgut/saponaria-officinalis-saatgut-kaufen.html","Saponaria officinalis - Seifenkraut"
"https://shop.hof-berggarten.de/samen-kaufen/einzelsaatgut/malva-alcaea-saatgut-kaufen.html","Malva alcaea - Sigmarskraut"
"https://shop.hof-berggarten.de/samen-kaufen/einzelsaatgut/lunaria-annua-saatgut-kaufen.html","Lunaria annua - Silberblatt"
"https://shop.hof-berggarten.de/samen-kaufen/einzelsaatgut/lunaria-rediviva-saatgut-kaufen.html","Lunaria rediviva - Ausdauerndes Silberblatt"
"https://shop.hof-berggarten.de/samen-kaufen/einzelsaatgut/corynephorus-canescens-saatgut-kaufen.html","Corynephorus canescens - Silbergras"
"https://shop.hof-berggarten.de/samen-kaufen/einzelsaatgut/scabiosa-columbaria-saatgut-kaufen.html","Scabiosa columbaria - Taubenskabiose"
"https://shop.hof-berggarten.de/samen-kaufen/einzelsaatgut/echinacea-purpurea-saatgut-kaufen.html","Echinacea purpurea - Purpursonnenhut"
"https://shop.hof-berggarten.de/samen-kaufen/einzelsaatgut/helianthemum-nummularium-saatgut-kaufen.html","Helianthemum nummularium - Gem. Sonnenröschen"
"https://shop.hof-berggarten.de/samen-kaufen/einzelsaatgut/plantago-lanceolata-saatgut-kaufen.html","Plantago lanceolata - Spitzwegerich"
"https://shop.hof-berggarten.de/samen-kaufen/einzelsaatgut/linum-perenne-saatgut-kaufen.html","Linum perenne - Blauer Staudenlein"
"https://shop.hof-berggarten.de/samen-kaufen/einzelsaatgut/saxifraga-granulata-saatgut-kaufen.html","Saxifraga granulata - Knöllchen-Steinbrech"
"https://shop.hof-berggarten.de/samen-kaufen/einzelsaatgut/melilotus-officinalis-saatgut-kaufen.html","Melilotus officinalis - Echter Steinklee"
"https://shop.hof-berggarten.de/samen-kaufen/einzelsaatgut/astrantia-major-saatgut-kaufen.html","Astrantia major - Sterndolde"
"https://shop.hof-berggarten.de/samen-kaufen/einzelsaatgut/viola-arvensis-saatgut-kaufen.html","Viola arvensis - Ackerstiefmütterchen"
"https://shop.hof-berggarten.de/samen-kaufen/einzelsaatgut/viola-tricolor-saatgut-kaufen.html","Viola tricolor - Wildes Stiefmütterchen"
"https://shop.hof-berggarten.de/samen-kaufen/einzelsaatgut/althaea-rosea-saatgut-kaufen.html","Althaea rosea - Stockmalve (Stockrose)"
"https://shop.hof-berggarten.de/samen-kaufen/einzelsaatgut/althaea-rosea-nigra-saatgut-kaufen.html","Althaea rosea nigra - Schwarze Stockmalve"
"https://shop.hof-berggarten.de/samen-kaufen/einzelsaatgut/geranium-palustre-saatgut-kaufen.html","Geranium palustre - Sumpfstorchschnabel"
"https://shop.hof-berggarten.de/samen-kaufen/einzelsaatgut/geranium-sylvaticum-saatgut-kaufen.html","Geranium sylvaticum - Waldstorchschnabel"
"https://shop.hof-berggarten.de/samen-kaufen/einzelsaatgut/geranium-pratense-saatgut-kaufen.html","Geranium pratense - Wiesenstorchschnabel"
"https://shop.hof-berggarten.de/samen-kaufen/einzelsaatgut/caltha-palustris-saatgut-kaufen.html","Caltha palustris - Sumpfdotterblume"
"https://shop.hof-berggarten.de/samen-kaufen/einzelsaatgut/iris-sibirica-saatgut-kaufen.html","Iris sibirica - Blaue Sumpfschwertlilie"
"https://shop.hof-berggarten.de/samen-kaufen/einzelsaatgut/silene-vulgaris-saatgut-kaufen.html","Silene vulgaris - Taubenkropf"
"https://shop.hof-berggarten.de/samen-kaufen/einzelsaatgut/centaurium-umbellatum-saatgut-kaufen.html","Centaurium umbellatum - Tausendgüldenkraut"
"https://shop.hof-berggarten.de/samen-kaufen/einzelsaatgut/telekia-speciosa-saatgut-kaufen.html","Telekia speciosa - Telekie"
"https://shop.hof-berggarten.de/samen-kaufen/einzelsaatgut/succisa-pratensis-saatgut-kaufen.html","Succisa pratensis - Teufelsabbiss"
"https://shop.hof-berggarten.de/samen-kaufen/einzelsaatgut/thymus-vulgaris-saatgut-kaufen.html","Thymus vulgaris - Echter Thymian"
"https://shop.hof-berggarten.de/samen-kaufen/einzelsaatgut/thymus-pulegioides-saatgut-kaufen.html","Thymus pulegioides - Quendel, Feldthymian"
"https://shop.hof-berggarten.de/samen-kaufen/einzelsaatgut/atropa-belladonna-saatgut-kaufen.html","Atropa belladonna - Tollkirsche"
"https://shop.hof-berggarten.de/samen-kaufen/einzelsaatgut/sedum-rupestre-saatgut-kaufen.html","Sedum rupestre - Tripmadam"
"https://shop.hof-berggarten.de/samen-kaufen/einzelsaatgut/trollius-europaeus-saatgut-kaufen.html","Trollius europaeus - Trollblume"
"https://shop.hof-berggarten.de/samen-kaufen/einzelsaatgut/legousia-speculum-veneris-saatgut-kaufen.html","Legousia speculum-veneris - Venusspiegel"
"https://shop.hof-berggarten.de/samen-kaufen/einzelsaatgut/myosotis-arvensis-saatgut-kaufen.html","Myosotis arvensis - Ackervergissmeinnicht"
"https://shop.hof-berggarten.de/samen-kaufen/einzelsaatgut/myosotis-sylvatica-saatgut-kaufen.html","Myosotis sylvatica - Waldvergissmeinnicht"
"https://shop.hof-berggarten.de/samen-kaufen/einzelsaatgut/melampyrum-arvense-saatgut-kaufen.html","Melampyrum arvense - Ackerwachtelweizen"
"https://shop.hof-berggarten.de/samen-kaufen/einzelsaatgut/fragaria-vesca-saatgut-kaufen.html","Fragaria vesca - Walderdbeere"
"https://shop.hof-berggarten.de/samen-kaufen/einzelsaatgut/aruncus-dioicus-saatgut-kaufen.html","Aruncus dioicus - Waldgeißbart"
"https://shop.hof-berggarten.de/samen-kaufen/einzelsaatgut/eupatorium-cannabinum-saatgut-kaufen.html","Eupatorium cannabinum - Wasserdost"
"https://shop.hof-berggarten.de/samen-kaufen/einzelsaatgut/cichorium-intybus-saatgut-kaufen.html","Cichorium intybus - Wegwarte"
"https://shop.hof-berggarten.de/samen-kaufen/einzelsaatgut/epilobium-dodonaei-saatgut-kaufen.html","Epilobium dodonaei - Rosmarin-Weidenröschen"
"https://shop.hof-berggarten.de/samen-kaufen/einzelsaatgut/artemisia-absinthium-saatgut-kaufen.html","Artemisia absinthium - Wermut"
"https://shop.hof-berggarten.de/samen-kaufen/einzelsaatgut/vicia-cracca-saatgut-kaufen.html","Vicia cracca - Vogelwicke"
"https://shop.hof-berggarten.de/samen-kaufen/einzelsaatgut/anthriscus-sylvestris-saatgut-kaufen.html","Anthriscus sylvestris - Wiesenkerbel"
"https://shop.hof-berggarten.de/samen-kaufen/einzelsaatgut/sanguisorba-officinalis-saatgut-kaufen.html","Sanguisorba officinalis - Großer Wiesenknopf"
"https://shop.hof-berggarten.de/samen-kaufen/einzelsaatgut/sanguisorba-minor-saatgut-kaufen.html","Sanguisorba minor - Pimpinelle/Kleiner Wiesenknopf"
"https://shop.hof-berggarten.de/samen-kaufen/einzelsaatgut/crepis-biennis-saatgut-kaufen.html","Crepis biennis - Wiesenpippau"
"https://shop.hof-berggarten.de/samen-kaufen/einzelsaatgut/thalicthrum-aquilegifolium-saatgut-kaufen.html","Thalicthrum aquilegifolium - Akeleiblätt. Wiesenraute"
"https://shop.hof-berggarten.de/samen-kaufen/einzelsaatgut/cardamine-pratensis-saatgut-kaufen.html","Cardamine pratensis - Wiesenschaumkraut"
"https://shop.hof-berggarten.de/samen-kaufen/einzelsaatgut/clinopodium-vulgare-saatgut-kaufen.html","Clinopodium vulgare - Wirbeldost"
"https://shop.hof-berggarten.de/samen-kaufen/einzelsaatgut/knautia-arvensis-saatgut-kaufen.html","Knautia arvensis - Wiesenwitwenblume"
"https://shop.hof-berggarten.de/samen-kaufen/einzelsaatgut/anthyllis-vulneraria-saatgut-kaufen.html","Anthyllis vulneraria - Wundklee"
"https://shop.hof-berggarten.de/samen-kaufen/einzelsaatgut/hyssopus-officinalis-saatgut-kaufen.html","Hyssopus officinalis - Ysop"
"https://shop.hof-berggarten.de/samen-kaufen/einzelsaatgut/stachys-sylvatica-saatgut-kaufen.html","Stachys sylvatica - Waldziest"
"https://shop.hof-berggarten.de/samen-kaufen/einzelsaatgut/melissa-officinalis-saatgut-kaufen.html","Melissa officinalis - Zitronenmelisse"
"https://shop.hof-berggarten.de/samen-kaufen/einzelsaatgut/briza-media-saatgut-kaufen.html","Briza media - Wiesenzittergras"
"https://shop.hof-berggarten.de/pflanzen-bio-versand/pflanze-im-topf/aquilegia-vulgaris-alba-wildpflanze-naturnah.html","Aquilegia vulgaris Alba - Weiße Akelei"
"https://shop.hof-berggarten.de/pflanzen-bio-versand/pflanze-im-topf/aquilegia-vulgaris-541-wildpflanze-naturnah.html","Aquilegia vulgaris - Wilde Akelei"
"https://shop.hof-berggarten.de/pflanzen-bio-versand/pflanze-im-topf/inula-helenium-697-wildpflanze-naturnah.html","Inula helenium - Echter Alant"
"https://shop.hof-berggarten.de/pflanzen-bio-versand/pflanze-im-topf/inula-salycina-wildpflanze-naturnah.html","Inula salycina - Weidenalant"
"https://shop.hof-berggarten.de/pflanzen-bio-versand/pflanze-im-topf/inula-ensifolia-wildpflanze-naturnah.html","Inula ensifolia - Schwertblättriger Alant"
"https://shop.hof-berggarten.de/pflanzen-bio-versand/pflanze-im-topf/inula-britannica-wildpflanze-naturnah.html","Inula britannica - Wiesen-Alant"
"https://shop.hof-berggarten.de/pflanzen-bio-versand/pflanze-im-topf/linaria-alpina-wildpflanze-naturnah.html","Linaria alpina - Alpenlein"
"https://shop.hof-berggarten.de/pflanzen-bio-versand/pflanze-im-topf/agastache-foeniculum-510-wildpflanze-naturnah.html","Agastache foeniculum - Anis-Ysop"
"https://shop.hof-berggarten.de/pflanzen-bio-versand/pflanze-im-topf/arum-maculatum-wildpflanze-naturnah.html","Arum maculatum - Aronstab"
"https://shop.hof-berggarten.de/pflanzen-bio-versand/pflanze-im-topf/aster-alpinus-wildpflanze-naturnah.html","Aster alpinus - Alpenaster"
"https://shop.hof-berggarten.de/pflanzen-bio-versand/pflanze-im-topf/aster-amellus-556-wildpflanze-naturnah.html","Aster amellus - Kalkaster"
"https://shop.hof-berggarten.de/pflanzen-bio-versand/pflanze-im-topf/valeriana-officinalis-901-wildpflanze-naturnah.html","Valeriana officinalis - Baldrian"
"https://shop.hof-berggarten.de/pflanzen-bio-versand/pflanze-im-topf/meum-athamanticum-771-wildpflanze-naturnah.html","Meum athamanticum - Bärwurz"
"https://shop.hof-berggarten.de/pflanzen-bio-versand/pflanze-im-topf/artemisia-vulgaris-550-wildpflanze-naturnah.html","Artemisia vulgaris - Beifuss"
"https://shop.hof-berggarten.de/pflanzen-bio-versand/pflanze-im-topf/symphytum-officinalis-wildpflanze-naturnah.html","Symphytum officinalis - Arznei-Beinwell"
"https://shop.hof-berggarten.de/pflanzen-bio-versand/pflanze-im-topf/calamintha-sylvatica-568-wildpflanze-naturnah.html","Calamintha sylvatica - Echte Bergminze"
"https://shop.hof-berggarten.de/pflanzen-bio-versand/pflanze-im-topf/calamintha-grandiflora-wildpflanze-naturnah.html","Calamintha grandiflora - Großblütige Bergminze"
"https://shop.hof-berggarten.de/pflanzen-bio-versand/pflanze-im-topf/sideritis-syriaca-wildpflanze-naturnah.html","Sideritis syriaca - Griechischer Bergtee"
"https://shop.hof-berggarten.de/pflanzen-bio-versand/pflanze-im-topf/seslaria-varia-wildpflanze-naturnah.html","Seslaria varia - Blaugras"
"https://shop.hof-berggarten.de/pflanzen-bio-versand/pflanze-im-topf/festuca-cinerea-655-wildpflanze-naturnah.html","Festuca cinerea - Blauschwingel"
"https://shop.hof-berggarten.de/pflanzen-bio-versand/pflanze-im-topf/lythrum-salicaria-751-wildpflanze-naturnah.html","Lythrum salicaria - Blutweiderich"
"https://shop.hof-berggarten.de/pflanzen-bio-versand/pflanze-im-topf/potentilla-erecta-806-wildpflanze-naturnah.html","Potentilla erecta - Blutwurz, Tormentill"
"https://shop.hof-berggarten.de/pflanzen-bio-versand/pflanze-im-topf/tragopogon-pratensis-895-wildpflanze-naturnah.html","Tragopogon pratensis - Wiesenbocksbart"
"https://shop.hof-berggarten.de/pflanzen-bio-versand/pflanze-im-topf/satureja-montana-835-wildpflanze-naturnah.html","Satureja montana - Winterbohnenkraut"
"https://shop.hof-berggarten.de/pflanzen-bio-versand/pflanze-im-topf/prunella-grandiflora-814-wildpflanze-naturnah.html","Prunella grandiflora - Große Braunelle"
"https://shop.hof-berggarten.de/pflanzen-bio-versand/pflanze-im-topf/prunella-vulgaris-815-wildpflanze-naturnah.html","Prunella vulgaris - Kleine Braunelle"
"https://shop.hof-berggarten.de/pflanzen-bio-versand/pflanze-im-topf/scrophularia-umbrosa-wildpflanze-naturnah.html","Scrophularia umbrosa - Geflügelte Braunwurz"
"https://shop.hof-berggarten.de/pflanzen-bio-versand/pflanze-im-topf/scrophularia-nodosa-wildpflanze-naturnah.html","Scrophularia nodosa - Knotige Braunwurz"
"https://shop.hof-berggarten.de/pflanzen-bio-versand/pflanze-im-topf/lychnis-chalcedonica-744-wildpflanze-naturnah.html","Lychnis chalcedonica - Brennende Liebe"
"https://shop.hof-berggarten.de/pflanzen-bio-versand/pflanze-im-topf/nasturtium-microphyllum-wildpflanze-naturnah.html","Nasturtium microphyllum - Kleinblütige Brunnenkresse"
"https://shop.hof-berggarten.de/pflanzen-bio-versand/pflanze-im-topf/anemone-nemorosa-wildpflanze-naturnah.html","Anemone nemorosa - Weißes Buschwindröschen"
"https://shop.hof-berggarten.de/pflanzen-bio-versand/pflanze-im-topf/symphytum-uplandicum-wildpflanze-naturnah.html","Symphytum uplandicum - Comfrey"
"https://shop.hof-berggarten.de/pflanzen-bio-versand/pflanze-im-topf/dictamnus-albus-632-wildpflanze-naturnah.html","Dictamnus albus - Diptam"
"https://shop.hof-berggarten.de/pflanzen-bio-versand/pflanze-im-topf/carduus-nutans-582-wildpflanze-naturnah.html","Carduus nutans - Nickende Distel"
"https://shop.hof-berggarten.de/pflanzen-bio-versand/pflanze-im-topf/cirsium-heterophyllum-wildpflanze-naturnah.html","Cirsium heterophyllum - Verschiedenblättrige Distel"
"https://shop.hof-berggarten.de/pflanzen-bio-versand/pflanze-im-topf/dracocephalum-ruyschiana-wildpflanze-naturnah.html","Dracocephalum ruyschiana - Nordischer Drachenkopf"
"https://shop.hof-berggarten.de/pflanzen-bio-versand/pflanze-im-topf/artemisia-abrotanum-wildpflanze-naturnah.html","Artemisia abrotanum - Eberraute"
"https://shop.hof-berggarten.de/pflanzen-bio-versand/pflanze-im-topf/eryngium-planum-wildpflanze-naturnah.html","Eryngium planum - Edeldistel"
"https://shop.hof-berggarten.de/pflanzen-bio-versand/pflanze-im-topf/leontopodium-alpinum-wildpflanze-naturnah.html","Leontopodium alpinum - Edelweiß"
"https://shop.hof-berggarten.de/pflanzen-bio-versand/pflanze-im-topf/hedera-helix-wildpflanze-naturnah.html","Hedera helix - Efeu"
"https://shop.hof-berggarten.de/pflanzen-bio-versand/pflanze-im-topf/veronica-spicata-913-wildpflanze-naturnah.html","Veronica spicata - Ähriger Ehrenpreis"
"https://shop.hof-berggarten.de/pflanzen-bio-versand/pflanze-im-topf/veronica-chamaedrys-910-wildpflanze-naturnah.html","Veronica chamaedrys - Gamanderehrenpreis"
"https://shop.hof-berggarten.de/pflanzen-bio-versand/pflanze-im-topf/veronica-teucrium-914-wildpflanze-naturnah.html","Veronica teucrium - Großer Ehrenpreis"
"https://shop.hof-berggarten.de/pflanzen-bio-versand/pflanze-im-topf/veronica-longifolia-911-wildpflanze-naturnah.html","Veronica longifolia - Langblätt.Ehrenpreis"
"https://shop.hof-berggarten.de/pflanzen-bio-versand/pflanze-im-topf/veronica-prostata-wildpflanze-naturnah.html","Veronica prostata - Liegender Ehrenpreis"
"https://shop.hof-berggarten.de/pflanzen-bio-versand/pflanze-im-topf/althaea-officinalis-523-wildpflanze-naturnah.html","Althaea officinalis - Echter Eibisch"
"https://shop.hof-berggarten.de/pflanzen-bio-versand/pflanze-im-topf/aconitum-napellus-501-wildpflanze-naturnah.html","Aconitum napellus - Blauer Eisenhut"
"https://shop.hof-berggarten.de/pflanzen-bio-versand/pflanze-im-topf/aconitum-vulparia-503-wildpflanze-naturnah.html","Aconitum vulparia - Gelber Eisenhut"
"https://shop.hof-berggarten.de/pflanzen-bio-versand/pflanze-im-topf/verbena-officinalis-908-wildpflanze-naturnah.html","Verbena officinalis - Eisenkraut"
"https://shop.hof-berggarten.de/pflanzen-bio-versand/pflanze-im-topf/angelica-sylvestris-533-wildpflanze-naturnah.html","Angelica sylvestris - Gem. Engelwurz"
"https://shop.hof-berggarten.de/pflanzen-bio-versand/pflanze-im-topf/gentiana-lutea-666-wildpflanze-naturnah.html","Gentiana lutea - Gelber Enzian"
"https://shop.hof-berggarten.de/pflanzen-bio-versand/pflanze-im-topf/gentiana-cruciata-665-wildpflanze-naturnah.html","Gentiana cruciata - Kreuzenzian"
"https://shop.hof-berggarten.de/pflanzen-bio-versand/pflanze-im-topf/angelica-archangelica-532-wildpflanze-naturnah.html","Angelica archangelica - Erzengelwurz"
"https://shop.hof-berggarten.de/pflanzen-bio-versand/pflanze-im-topf/onopordum-acanthium-785-wildpflanze-naturnah.html","Onopordum acanthium - Eselsdistel"
"https://shop.hof-berggarten.de/pflanzen-bio-versand/pflanze-im-topf/onobrychis-viciifolia-783-wildpflanze-naturnah.html","Onobrychis viciifolia - Esparsette"
"https://shop.hof-berggarten.de/pflanzen-bio-versand/pflanze-im-topf/artemisia-dracunculus-wildpflanze-naturnah.html","Artemisia dracunculus - Thüringer Estragon"
"https://shop.hof-berggarten.de/pflanzen-bio-versand/pflanze-im-topf/anthemis-tinctoria-535-wildpflanze-naturnah.html","Anthemis tinctoria - Färberkamille"
"https://shop.hof-berggarten.de/pflanzen-bio-versand/pflanze-im-topf/serratula-tinctoria-856-wildpflanze-naturnah.html","Serratula tinctoria - Färberscharte"
"https://shop.hof-berggarten.de/pflanzen-bio-versand/pflanze-im-topf/product-1002-wildpflanze-naturnah.html","Stipa capillata - Büschel Federgras"
"https://shop.hof-berggarten.de/pflanzen-bio-versand/pflanze-im-topf/sedum-spurium-wildpflanze-naturnah.html","Sedum spurium - Kriechende Fetthenne"
"https://shop.hof-berggarten.de/pflanzen-bio-versand/pflanze-im-topf/sedum-sexangulare-wildpflanze-naturnah.html","Sedum sexangulare - Milde Fetthenne"
"https://shop.hof-berggarten.de/pflanzen-bio-versand/pflanze-im-topf/sedum-telephium-853-wildpflanze-naturnah.html","Sedum telephium - Purpurfetthenne"
"https://shop.hof-berggarten.de/pflanzen-bio-versand/pflanze-im-topf/sedum-spurium-fuldaglut-wildpflanze-naturnah.html","Sedum spurium Fuldaglut - Rote Fetthenne"
"https://shop.hof-berggarten.de/pflanzen-bio-versand/pflanze-im-topf/digitalis-ferruginea-wildpflanze-naturnah.html","Digitalis ferruginea - Eisenfarben. Fingerhut"
"https://shop.hof-berggarten.de/pflanzen-bio-versand/pflanze-im-topf/digitalis-lutea-636-wildpflanze-naturnah.html","Digitalis lutea - Gelber Fingerhut"
"https://shop.hof-berggarten.de/pflanzen-bio-versand/pflanze-im-topf/digitalis-grandiflora-635-wildpflanze-naturnah.html","Digitalis grandiflora - Großblüt. Fingerhut"
"https://shop.hof-berggarten.de/pflanzen-bio-versand/pflanze-im-topf/digitalis-purpurea-637-wildpflanze-naturnah.html","Digitalis purpurea - Roter Fingerhut"
"https://shop.hof-berggarten.de/pflanzen-bio-versand/pflanze-im-topf/potentilla-verna-wildpflanze-naturnah.html","Potentilla verna - Frühlingsfingerkraut"
"https://shop.hof-berggarten.de/pflanzen-bio-versand/pflanze-im-topf/potentilla-anserina-wildpflanze-naturnah.html","Potentilla anserina - Gänsefingerkraut"
"https://shop.hof-berggarten.de/pflanzen-bio-versand/pflanze-im-topf/potentilla-nepalensis-wildpflanze-naturnah.html","Potentilla nepalensis - Rotäugig. Fingerkraut"
"https://shop.hof-berggarten.de/pflanzen-bio-versand/pflanze-im-topf/centaurea-montana-588-wildpflanze-naturnah.html","Centaurea montana - Bergflockenblume"
"https://shop.hof-berggarten.de/pflanzen-bio-versand/pflanze-im-topf/centaurea-nigra-589-wildpflanze-naturnah.html","Centaurea nigra - Dunkle Flockenblume"
"https://shop.hof-berggarten.de/pflanzen-bio-versand/pflanze-im-topf/centaurea-pseudophrygia-wildpflanze-naturnah.html","Centaurea pseudophrygia - Perückenflockenblume"
"https://shop.hof-berggarten.de/pflanzen-bio-versand/pflanze-im-topf/centaurea-stoebe-592-wildpflanze-naturnah.html","Centaurea stoebe - Rispenflockenblume"
"https://shop.hof-berggarten.de/pflanzen-bio-versand/pflanze-im-topf/centaurea-scabiosa-591-wildpflanze-naturnah.html","Centaurea scabiosa - Skabiosenflockenblume"
"https://shop.hof-berggarten.de/pflanzen-bio-versand/pflanze-im-topf/centaurea-jacea-587-wildpflanze-naturnah.html","Centaurea jacea - Wiesenflockenblume"
"https://shop.hof-berggarten.de/pflanzen-bio-versand/pflanze-im-topf/alchemilla-vulgaris-515-wildpflanze-naturnah.html","Alchemilla vulgaris - Gemeines Frauenmäntelchen"
"https://shop.hof-berggarten.de/pflanzen-bio-versand/pflanze-im-topf/teucrium-montanum-wildpflanze-naturnah.html","Teucrium montanum - Berggamander"
"https://shop.hof-berggarten.de/pflanzen-bio-versand/pflanze-im-topf/teucrium-chamaedrys-883-wildpflanze-naturnah.html","Teucrium chamaedrys - Edelgamander"
"https://shop.hof-berggarten.de/pflanzen-bio-versand/pflanze-im-topf/teucrium-scorodonia-wildpflanze-naturnah.html","Teucrium scorodonia - Salbeigamander"
"https://shop.hof-berggarten.de/pflanzen-bio-versand/pflanze-im-topf/doronicum-paradalianches-wildpflanze-naturnah.html","Doronicum paradalianches - Kriechende Gemswurz"
"https://shop.hof-berggarten.de/pflanzen-bio-versand/pflanze-im-topf/lysimachia-vulgaris-750-wildpflanze-naturnah.html","Lysimachia vulgaris - Gilbweiderich"
"https://shop.hof-berggarten.de/pflanzen-bio-versand/pflanze-im-topf/genista-tinctoria-664-wildpflanze-naturnah.html","Genista tinctoria - Färberginster"
"https://shop.hof-berggarten.de/pflanzen-bio-versand/pflanze-im-topf/genista-sagittalis-663-wildpflanze-naturnah.html","Genista sagittalis - Pfeilginster"
"https://shop.hof-berggarten.de/pflanzen-bio-versand/pflanze-im-topf/campanula-bononiensis-wildpflanze-naturnah.html","Campanula bononiensis - Bologneser Glockenblume"
"https://shop.hof-berggarten.de/pflanzen-bio-versand/pflanze-im-topf/campanula-glomerata-573-wildpflanze-naturnah.html","Campanula glomerata - Knäuelglockenblume"
"https://shop.hof-berggarten.de/pflanzen-bio-versand/pflanze-im-topf/campanula-rapunculoides-577-wildpflanze-naturnah.html","Campanula rapunculoides - Ackerglockenblume"
"https://shop.hof-berggarten.de/pflanzen-bio-versand/pflanze-im-topf/campanula-barbata-570-wildpflanze-naturnah.html","Campanula barbata - Bärtige Glockenblume"
"https://shop.hof-berggarten.de/pflanzen-bio-versand/pflanze-im-topf/campanula-trachelium-579-wildpflanze-naturnah.html","Campanula trachelium - Nesselblätt.Glockenbl."
"https://shop.hof-berggarten.de/pflanzen-bio-versand/pflanze-im-topf/campanula-persicifolia-576-wildpflanze-naturnah.html","Campanula persicifolia - Pfirsichblätt. Glockenbl."
"https://shop.hof-berggarten.de/pflanzen-bio-versand/pflanze-im-topf/campanula-rotundifolia-578-wildpflanze-naturnah.html","Campanula rotundifolia - Rundblättrige Glockenblume"
"https://shop.hof-berggarten.de/pflanzen-bio-versand/pflanze-im-topf/campanula-thyrsoides-wildpflanze-naturnah.html","Campanula thyrsoides - Straußblüt.Glockenbl."
"https://shop.hof-berggarten.de/pflanzen-bio-versand/pflanze-im-topf/campanula-latifolia-574-wildpflanze-naturnah.html","Campanula latifolia - Waldglockenblume"
"https://shop.hof-berggarten.de/pflanzen-bio-versand/pflanze-im-topf/campanula-latifolia-alba-wildpflanze-naturnah.html","Campanula latifolia Alba - Weiße Waldglockenblume"
"https://shop.hof-berggarten.de/pflanzen-bio-versand/pflanze-im-topf/campanula-cochleariifolia-wildpflanze-naturnah.html","Campanula cochleariifolia - Zwergglockenblume"
"https://shop.hof-berggarten.de/pflanzen-bio-versand/pflanze-im-topf/carlina-vulgaris-586-wildpflanze-naturnah.html","Carlina vulgaris - Golddistel"
"https://shop.hof-berggarten.de/pflanzen-bio-versand/pflanze-im-topf/monarda-didyma-squaw-wildpflanze-naturnah.html","Monarda didyma Squaw - Goldmelisse"
"https://shop.hof-berggarten.de/pflanzen-bio-versand/pflanze-im-topf/solidago-virgaurea-866-wildpflanze-naturnah.html","Solidago virgaurea - Echte Goldrute"
"https://shop.hof-berggarten.de/pflanzen-bio-versand/pflanze-im-topf/gratiola-officinalis-wildpflanze-naturnah.html","Gratiola officinalis - Gottesgnadenkraut"
"https://shop.hof-berggarten.de/pflanzen-bio-versand/pflanze-im-topf/anthericum-ramosum-537-wildpflanze-naturnah.html","Anthericum ramosum - Ästige Graslilie"
"https://shop.hof-berggarten.de/pflanzen-bio-versand/pflanze-im-topf/anthericum-liliago-536-wildpflanze-naturnah.html","Anthericum liliago - Astlose Graslilie"
"https://shop.hof-berggarten.de/pflanzen-bio-versand/pflanze-im-topf/armeria-maritima-544-wildpflanze-naturnah.html","Armeria maritima - Grasnelke"
"https://shop.hof-berggarten.de/pflanzen-bio-versand/pflanze-im-topf/glechoma-hederacaea-wildpflanze-naturnah.html","Glechoma hederacaea - Gundelrebe"
"https://shop.hof-berggarten.de/pflanzen-bio-versand/pflanze-im-topf/ajuga-reptans-513-wildpflanze-naturnah.html","Ajuga reptans - Kriechender Günsel"
"https://shop.hof-berggarten.de/pflanzen-bio-versand/pflanze-im-topf/hieracium-pilosella-689-wildpflanze-naturnah.html","Hieracium pilosella - Kleines Habichtskraut"
"https://shop.hof-berggarten.de/pflanzen-bio-versand/pflanze-im-topf/hieracium-aurantiacum-688-wildpflanze-naturnah.html","Hieracium aurantiacum - Orangerot. Habichtskraut"
"https://shop.hof-berggarten.de/pflanzen-bio-versand/pflanze-im-topf/hieracium-sylvaticum-691-wildpflanze-naturnah.html","Hieracium sylvaticum - Waldhabichtskraut"
"https://shop.hof-berggarten.de/pflanzen-bio-versand/pflanze-im-topf/tragopogon-porrifolius-894-wildpflanze-naturnah.html","Tragopogon porrifolius - Haferwurz"
"https://shop.hof-berggarten.de/pflanzen-bio-versand/pflanze-im-topf/prenanthes-purpurea-wildpflanze-naturnah.html","Prenanthes purpurea - Hasenlattich"
"https://shop.hof-berggarten.de/pflanzen-bio-versand/pflanze-im-topf/ononis-spinosa-784-wildpflanze-naturnah.html","Ononis spinosa - Hauhechel"
"https://shop.hof-berggarten.de/pflanzen-bio-versand/pflanze-im-topf/sempervivum-arachnoideum-wildpflanze-naturnah.html","Sempervivum arachnoideum - Spinnweb-Hauswurz"
"https://shop.hof-berggarten.de/pflanzen-bio-versand/pflanze-im-topf/betonica-officinalis-564-wildpflanze-naturnah.html","Betonica officinalis - Heilziest, Betonie"
"https://shop.hof-berggarten.de/pflanzen-bio-versand/pflanze-im-topf/chenopodium-bonus-henricus-600-wildpflanze-naturnah.html","Chenopodium bonus-henricus - Guter Heinrich"
"https://shop.hof-berggarten.de/pflanzen-bio-versand/pflanze-im-topf/scutellaria-altissima-wildpflanze-naturnah.html","Scutellaria altissima - Hohes Helmkraut"
"https://shop.hof-berggarten.de/pflanzen-bio-versand/pflanze-im-topf/scutellaria-minor-wildpflanze-naturnah.html","Scutellaria minor - Kleines Helmkraut"
"https://shop.hof-berggarten.de/pflanzen-bio-versand/pflanze-im-topf/scutellaria-galericulata-wildpflanze-naturnah.html","Scutellaria galericulata - Sumpfhelmkraut"
"https://shop.hof-berggarten.de/pflanzen-bio-versand/pflanze-im-topf/leonurus-cardiaca-728-wildpflanze-naturnah.html","Leonurus cardiaca - Herzgespann"
"https://shop.hof-berggarten.de/pflanzen-bio-versand/pflanze-im-topf/circaea-lutetiana-wildpflanze-naturnah.html","Circaea lutetiana - Hexenkraut"
"https://shop.hof-berggarten.de/pflanzen-bio-versand/pflanze-im-topf/polemonium-caeruleum-799-wildpflanze-naturnah.html","Polemonium caeruleum - Himmelsleiter"
"https://shop.hof-berggarten.de/pflanzen-bio-versand/pflanze-im-topf/polemonium-caer-alba-wildpflanze-naturnah.html","Polemonium caer. Alba - Weiße Himmelsleiter"
"https://shop.hof-berggarten.de/pflanzen-bio-versand/pflanze-im-topf/primula-elatior-811-wildpflanze-naturnah.html","Primula elatior - Himmelschlüssel"
"https://shop.hof-berggarten.de/pflanzen-bio-versand/pflanze-im-topf/lotus-corniculatus-740-wildpflanze-naturnah.html","Lotus corniculatus - Hornschotenklee"
"https://shop.hof-berggarten.de/pflanzen-bio-versand/pflanze-im-topf/hippocrepis-comosa-wildpflanze-naturnah.html","Hippocrepis comosa - Hufeisenklee"
"https://shop.hof-berggarten.de/pflanzen-bio-versand/pflanze-im-topf/tussilago-farfara-wildpflanze-naturnah.html","Tussilago farfara - Huflattich"
"https://shop.hof-berggarten.de/pflanzen-bio-versand/pflanze-im-topf/draba-aizoides-wildpflanze-naturnah.html","Draba aizoides - Hungerblümchen"
"https://shop.hof-berggarten.de/pflanzen-bio-versand/pflanze-im-topf/sparganium-erectum-wildpflanze-naturnah.html","Sparganium erectum - Aufrechter Igelkolben"
"https://shop.hof-berggarten.de/pflanzen-bio-versand/pflanze-im-topf/melittis-melissophyllum-wildpflanze-naturnah.html","Melittis melissophyllum - Immenblatt"
"https://shop.hof-berggarten.de/pflanzen-bio-versand/pflanze-im-topf/vinca-minor-wildpflanze-naturnah.html","Vinca minor - Immergrün"
"https://shop.hof-berggarten.de/pflanzen-bio-versand/pflanze-im-topf/monarda-fistulosa-wildpflanze-naturnah.html","Monarda fistulosa - Indianernessel"
"https://shop.hof-berggarten.de/pflanzen-bio-versand/pflanze-im-topf/iris-graminea-wildpflanze-naturnah.html","Iris graminea - Pflaumen-Iris"
"https://shop.hof-berggarten.de/pflanzen-bio-versand/pflanze-im-topf/gynostemma-pentaphyllum-wildpflanze-naturnah.html","Gynostemma pentaphyllum - Jiaogulan"
"https://shop.hof-berggarten.de/pflanzen-bio-versand/pflanze-im-topf/hypericum-perforatum-694-wildpflanze-naturnah.html","Hypericum perforatum - Echtes Johanniskraut"
"https://shop.hof-berggarten.de/pflanzen-bio-versand/pflanze-im-topf/chamaemelum-nobilis-598-wildpflanze-naturnah.html","Chamaemelum nobilis - Römische Kamille"
"https://shop.hof-berggarten.de/pflanzen-bio-versand/pflanze-im-topf/koeleria-glauca-713-wildpflanze-naturnah.html","Koeleria glauca - Blaue Kammschmiele"
"https://shop.hof-berggarten.de/pflanzen-bio-versand/pflanze-im-topf/dipsacus-fullonum-638-wildpflanze-naturnah.html","Dipsacus fullonum - Wilde Karde"
"https://shop.hof-berggarten.de/pflanzen-bio-versand/pflanze-im-topf/nepeta-cataria-780-wildpflanze-naturnah.html","Nepeta cataria - Katzenminze"
"https://shop.hof-berggarten.de/pflanzen-bio-versand/pflanze-im-topf/antennaria-dioica-534-wildpflanze-naturnah.html","Antennaria dioica - Katzenpfötchen"
"https://shop.hof-berggarten.de/pflanzen-bio-versand/pflanze-im-topf/polygonum-bistorta-804-wildpflanze-naturnah.html","Polygonum bistorta - Wiesenknöterich"
"https://shop.hof-berggarten.de/pflanzen-bio-versand/pflanze-im-topf/verbascum-densiflorum-902-wildpflanze-naturnah.html","Verbascum densiflorum - Großblüt. Königskerze"
"https://shop.hof-berggarten.de/pflanzen-bio-versand/pflanze-im-topf/verbascum-thapsus-907-wildpflanze-naturnah.html","Verbascum thapsus - Kleinblüt. Königskerze"
"https://shop.hof-berggarten.de/pflanzen-bio-versand/pflanze-im-topf/verbascum-lychnites-903-wildpflanze-naturnah.html","Verbascum lychnites - Mehlige Königskerze"
"https://shop.hof-berggarten.de/pflanzen-bio-versand/pflanze-im-topf/verbascum-speciosum-906-wildpflanze-naturnah.html","Verbascum speciosum - Prächtige Königskerze"
"https://shop.hof-berggarten.de/pflanzen-bio-versand/pflanze-im-topf/verbascum-phoeniceum-905-wildpflanze-naturnah.html","Verbascum phoeniceum - Purpur- Königskerze"
"https://shop.hof-berggarten.de/pflanzen-bio-versand/pflanze-im-topf/verbascum-nigrum-904-wildpflanze-naturnah.html","Verbascum nigrum - Schwarze Königskerze"
"https://shop.hof-berggarten.de/pflanzen-bio-versand/pflanze-im-topf/cirsium-acaule-wildpflanze-naturnah.html","Cirsium acaule - Stengellose Kratzdistel"
"https://shop.hof-berggarten.de/pflanzen-bio-versand/pflanze-im-topf/cirsium-eriophorum-608-wildpflanze-naturnah.html","Cirsium eriophorum - Wollköpf. Kratzdistel"
"https://shop.hof-berggarten.de/pflanzen-bio-versand/pflanze-im-topf/coronilla-varia-616-wildpflanze-naturnah.html","Coronilla varia - Kronwicke"
"https://shop.hof-berggarten.de/pflanzen-bio-versand/pflanze-im-topf/pulsatilla-vulgaris-817-wildpflanze-naturnah.html","Pulsatilla vulgaris - Küchenschelle"
"https://shop.hof-berggarten.de/pflanzen-bio-versand/pflanze-im-topf/globularia-punctata-675-wildpflanze-naturnah.html","Globularia punctata - Gem. Kugelblume"
"https://shop.hof-berggarten.de/pflanzen-bio-versand/pflanze-im-topf/echinops-sphaerocephalum-646-wildpflanze-naturnah.html","Echinops sphaerocephalum - Wilde Kugeldistel"
"https://shop.hof-berggarten.de/pflanzen-bio-versand/pflanze-im-topf/galium-verum-662-wildpflanze-naturnah.html","Galium verum - Echtes Labkraut"
"https://shop.hof-berggarten.de/pflanzen-bio-versand/pflanze-im-topf/galium-mollugo-660-wildpflanze-naturnah.html","Galium mollugo - Wiesenlabkraut"
"https://shop.hof-berggarten.de/pflanzen-bio-versand/pflanze-im-topf/physalis-algekengi-wildpflanze-naturnah.html","Physalis algekengi - Lampionblume"
"https://shop.hof-berggarten.de/pflanzen-bio-versand/pflanze-im-topf/allium-montanum-wildpflanze-naturnah.html","Allium montanum - Berglauch"
"https://shop.hof-berggarten.de/pflanzen-bio-versand/pflanze-im-topf/allium-angulosum-wildpflanze-naturnah.html","Allium angulosum - Kantenlauch"
"https://shop.hof-berggarten.de/pflanzen-bio-versand/pflanze-im-topf/lavandula-officinalis-724-wildpflanze-naturnah.html","Lavandula officinalis - Lavendel"
"https://shop.hof-berggarten.de/pflanzen-bio-versand/pflanze-im-topf/hepatica-nobilis-wildpflanze-naturnah.html","Hepatica nobilis - Leberblümchen"
"https://shop.hof-berggarten.de/pflanzen-bio-versand/pflanze-im-topf/silene-nutans-863-wildpflanze-naturnah.html","Silene nutans - Nickendes Leimkraut"
"https://shop.hof-berggarten.de/pflanzen-bio-versand/pflanze-im-topf/silene-acaulis-wildpflanze-naturnah.html","Silene acaulis - Stängelloses Leimkraut"
"https://shop.hof-berggarten.de/pflanzen-bio-versand/pflanze-im-topf/linaria-purpurea-wildpflanze-naturnah.html","Linaria purpurea - Purpurblütiges Leinkraut"
"https://shop.hof-berggarten.de/pflanzen-bio-versand/pflanze-im-topf/linaria-vulgaris-734-wildpflanze-naturnah.html","Linaria vulgaris - Wildes Leinkraut"
"https://shop.hof-berggarten.de/pflanzen-bio-versand/pflanze-im-topf/corydalis-lutea-618-wildpflanze-naturnah.html","Corydalis lutea - Gelber Lerchensporn"
"https://shop.hof-berggarten.de/pflanzen-bio-versand/pflanze-im-topf/corydalis-solida--1025.html","Corydalis solida - Gefingerter Lerchensporn"
"https://shop.hof-berggarten.de/pflanzen-bio-versand/pflanze-im-topf/corydalis-cava-wildpflanze-naturnah.html","Corydalis cava - Hohler Lerchensporn"
"https://shop.hof-berggarten.de/pflanzen-bio-versand/pflanze-im-topf/lychnis-flos-cuculi-745-wildpflanze-naturnah.html","Lychnis flos-cuculi - Kuckuckslichtnelke"
"https://shop.hof-berggarten.de/pflanzen-bio-versand/pflanze-im-topf/silene-dioica-862-wildpflanze-naturnah.html","Silene dioica - Rote Lichtnelke"
"https://shop.hof-berggarten.de/pflanzen-bio-versand/pflanze-im-topf/levisticum-officinalis-731-wildpflanze-naturnah.html","Levisticum officinalis - Liebstöckel"
"https://shop.hof-berggarten.de/pflanzen-bio-versand/pflanze-im-topf/ligusticum-scoticum-wildpflanze-naturnah.html","Ligusticum scoticum - Schottischer Liebstöckel"
"https://shop.hof-berggarten.de/pflanzen-bio-versand/pflanze-im-topf/leontodon-autumnalis-726-wildpflanze-naturnah.html","Leontodon autumnalis - Herbstlöwenzahn"
"https://shop.hof-berggarten.de/pflanzen-bio-versand/pflanze-im-topf/pulmonaria-officinalis-wildpflanze-naturnah.html","Pulmonaria officinalis - Lungenkraut"
"https://shop.hof-berggarten.de/pflanzen-bio-versand/pflanze-im-topf/pulmonaria-obscura-wildpflanze-naturnah.html","Pulmonaria obscura - Dunkles Lungenkraut"
"https://shop.hof-berggarten.de/pflanzen-bio-versand/pflanze-im-topf/filipendula-ulmaria-656-wildpflanze-naturnah.html","Filipendula ulmaria - Mädesüß"
"https://shop.hof-berggarten.de/pflanzen-bio-versand/pflanze-im-topf/filipendula-vulgaris-wildpflanze-naturnah.html","Filipendula vulgaris - Knolliges Mädesüß"
"https://shop.hof-berggarten.de/pflanzen-bio-versand/pflanze-im-topf/convallaria-majalis-wildpflanze-naturnah.html","Convallaria majalis - Maiglöckchen"
"https://shop.hof-berggarten.de/pflanzen-bio-versand/pflanze-im-topf/malva-moschata-753-wildpflanze-naturnah.html","Malva moschata - Moschusmalve"
"https://shop.hof-berggarten.de/pflanzen-bio-versand/pflanze-im-topf/lavatera-thuringiaca-wildpflanze-naturnah.html","Lavatera thuringiaca - Strauchmalve"
"https://shop.hof-berggarten.de/pflanzen-bio-versand/pflanze-im-topf/tanacetum-macrophyllum-wildpflanze-naturnah.html","Tanacetum macrophyllum - Großblättrige Margerite"
"https://shop.hof-berggarten.de/pflanzen-bio-versand/pflanze-im-topf/tanacetum-parthenifolium-wildpflanze-naturnah.html","Tanacetum parthenifolium - Staubige Margerite"
"https://shop.hof-berggarten.de/pflanzen-bio-versand/pflanze-im-topf/chrysanthemum-corymbosum-601-wildpflanze-naturnah.html","Chrysanthemum corymbosum - Straußblüt. Margerite"
"https://shop.hof-berggarten.de/pflanzen-bio-versand/pflanze-im-topf/leucanthemum-vulgare-729-wildpflanze-naturnah.html","Leucanthemum vulgare - Wiesenmargerite"
"https://shop.hof-berggarten.de/pflanzen-bio-versand/pflanze-im-topf/hierochloe-australis-wildpflanze-naturnah.html","Hierochloe australis - Mariengras"
"https://shop.hof-berggarten.de/pflanzen-bio-versand/pflanze-im-topf/cymbalaria-muralis-619-wildpflanze-naturnah.html","Cymbalaria muralis - Mauerblümchen"
"https://shop.hof-berggarten.de/pflanzen-bio-versand/pflanze-im-topf/sedum-acre-847-wildpflanze-naturnah.html","Sedum acre - Scharfer Mauerpfeffer"
"https://shop.hof-berggarten.de/pflanzen-bio-versand/pflanze-im-topf/sedum-album-848-wildpflanze-naturnah.html","Sedum album - Weißer Mauerpfeffer"
"https://shop.hof-berggarten.de/pflanzen-bio-versand/pflanze-im-topf/armoracia-rusticana-wildpflanze-naturnah.html","Armoracia rusticana - Meerrettich"
"https://shop.hof-berggarten.de/pflanzen-bio-versand/pflanze-im-topf/peucedanum-ostruthium-wildpflanze-naturnah.html","Peucedanum ostruthium - Meisterwurz"
"https://shop.hof-berggarten.de/pflanzen-bio-versand/pflanze-im-topf/cicerbita-alpina-wildpflanze-naturnah.html","Cicerbita alpina - Alpen-Milchlattich"
"https://shop.hof-berggarten.de/pflanzen-bio-versand/pflanze-im-topf/cicerbita-plumieri-wildpflanze-naturnah.html","Cicerbita plumieri - Franz. Milchlattich"
"https://shop.hof-berggarten.de/pflanzen-bio-versand/pflanze-im-topf/mentha-rotundifolia-wildpflanze-naturnah.html","Mentha rotundifolia - Apfelminze"
"https://shop.hof-berggarten.de/pflanzen-bio-versand/pflanze-im-topf/mentha-spec-basilikum-wildpflanze-naturnah.html","Mentha spec. Basilikum - Basilikum-Minze"
"https://shop.hof-berggarten.de/pflanzen-bio-versand/pflanze-im-topf/mentha-crispa-wildpflanze-naturnah.html","Mentha crispa - Krause Minze"
"https://shop.hof-berggarten.de/pflanzen-bio-versand/pflanze-im-topf/mentha-x-p-var-citrata-limonette-wildpflanze-naturnah.html","Mentha x p. var citrata Limonette - Lemonminze"
"https://shop.hof-berggarten.de/pflanzen-bio-versand/pflanze-im-topf/mentha-spicata-var-crispa-wildpflanze-naturnah.html","Mentha spicata var. Crispa - Marokkanische Minze"
"https://shop.hof-berggarten.de/pflanzen-bio-versand/pflanze-im-topf/mentha-x-piperita-var-citrata-wildpflanze-naturnah.html","Mentha x piperita var. Citrata - Orangenminze"
"https://shop.hof-berggarten.de/pflanzen-bio-versand/pflanze-im-topf/mentha-x-piperita-mitcham-wildpflanze-naturnah.html","Mentha x piperita Mitcham - Pfefferminze"
"https://shop.hof-berggarten.de/pflanzen-bio-versand/pflanze-im-topf/mentha-pulegium-768-wildpflanze-naturnah.html","Mentha pulegium - Poleiminze"
"https://shop.hof-berggarten.de/pflanzen-bio-versand/pflanze-im-topf/mentha-aquatica-wildpflanze-naturnah.html","Mentha aquatica - Wasserminze"
"https://shop.hof-berggarten.de/pflanzen-bio-versand/pflanze-im-topf/papaver-nudicaule-789-wildpflanze-naturnah.html","Papaver nudicaule - Islandmohn"
"https://shop.hof-berggarten.de/pflanzen-bio-versand/pflanze-im-topf/papaver-orientale-790-wildpflanze-naturnah.html","Papaver orientale - Türkenmohn"
"https://shop.hof-berggarten.de/pflanzen-bio-versand/pflanze-im-topf/daucus-carota-622-wildpflanze-naturnah.html","Daucus carota - Wilde Möhre"
"https://shop.hof-berggarten.de/pflanzen-bio-versand/pflanze-im-topf/succisella-inflexa-wildpflanze-naturnah.html","Succisella inflexa - östlicher Moorabbiß"
"https://shop.hof-berggarten.de/pflanzen-bio-versand/pflanze-im-topf/chrysanthemum-parthenium-602-wildpflanze-naturnah.html","Chrysanthemum parthenium - Mutterkraut"
"https://shop.hof-berggarten.de/pflanzen-bio-versand/pflanze-im-topf/oenothera-grandiflora-781-wildpflanze-naturnah.html","Oenothera grandiflora - Großblüt. Nachtkerze"
"https://shop.hof-berggarten.de/pflanzen-bio-versand/pflanze-im-topf/oenothera-tetragona-wildpflanze-naturnah.html","Oenothera tetragona - Staudennachtkerze"
"https://shop.hof-berggarten.de/pflanzen-bio-versand/pflanze-im-topf/silene-alba-861-wildpflanze-naturnah.html","Silene alba - Weiße Nachtnelke"
"https://shop.hof-berggarten.de/pflanzen-bio-versand/pflanze-im-topf/solanum-dulcamara-wildpflanze-naturnah.html","Solanum dulcamara - Bittersüßer Nachtschatten"
"https://shop.hof-berggarten.de/pflanzen-bio-versand/pflanze-im-topf/hesperis-matronalis-686-wildpflanze-naturnah.html","Hesperis matronalis - Nachtviole"
"https://shop.hof-berggarten.de/pflanzen-bio-versand/pflanze-im-topf/echium-vulgare-647-wildpflanze-naturnah.html","Echium vulgare - Natternkopf"
"https://shop.hof-berggarten.de/pflanzen-bio-versand/pflanze-im-topf/dianthus-barbata-wildpflanze-naturnah.html","Dianthus barbata - Bartnelke"
"https://shop.hof-berggarten.de/pflanzen-bio-versand/pflanze-im-topf/dianthus-seguieri-wildpflanze-naturnah.html","Dianthus seguieri - Buschnelke"
"https://shop.hof-berggarten.de/pflanzen-bio-versand/pflanze-im-topf/tunica-saxifraga-899-wildpflanze-naturnah.html","Tunica saxifraga - Felsennelke"
"https://shop.hof-berggarten.de/pflanzen-bio-versand/pflanze-im-topf/dianthus-deltoides-627-wildpflanze-naturnah.html","Dianthus deltoides - Heidenelke"
"https://shop.hof-berggarten.de/pflanzen-bio-versand/pflanze-im-topf/dianthus-carthusianorum-626-wildpflanze-naturnah.html","Dianthus carthusianorum - Karthäusernelke"
"https://shop.hof-berggarten.de/pflanzen-bio-versand/pflanze-im-topf/dianthus-gratianopolitanus-wildpflanze-naturnah.html","Dianthus gratianopolitanus - Pfingstnelke"
"https://shop.hof-berggarten.de/pflanzen-bio-versand/pflanze-im-topf/dianthus-superbus-630-wildpflanze-naturnah.html","Dianthus superbus - Prachtnelke"
"https://shop.hof-berggarten.de/pflanzen-bio-versand/pflanze-im-topf/dianthus-arenarius-wildpflanze-naturnah.html","Dianthus arenarius - Sandnelke"
"https://shop.hof-berggarten.de/pflanzen-bio-versand/pflanze-im-topf/dianthus-sylvestris-wildpflanze-naturnah.html","Dianthus sylvestris - Steinnelke"
"https://shop.hof-berggarten.de/pflanzen-bio-versand/pflanze-im-topf/geum-rivale-673-wildpflanze-naturnah.html","Geum rivale - Bachnelkwurz"
"https://shop.hof-berggarten.de/pflanzen-bio-versand/pflanze-im-topf/helleborus-foetidus--1023.html","Helleborus foetidus - Wilde Nieswurz"
"https://shop.hof-berggarten.de/pflanzen-bio-versand/pflanze-im-topf/buphthalmum-salicifolium-566-wildpflanze-naturnah.html","Buphthalmum salicifolium - Ochsenauge"
"https://shop.hof-berggarten.de/pflanzen-bio-versand/pflanze-im-topf/anchusa-officinalis-527-wildpflanze-naturnah.html","Anchusa officinalis - Wilde Ochsenzunge"
"https://shop.hof-berggarten.de/pflanzen-bio-versand/pflanze-im-topf/agrimonia-eupatoria-511-wildpflanze-naturnah.html","Agrimonia eupatoria - Odermennig"
"https://shop.hof-berggarten.de/pflanzen-bio-versand/pflanze-im-topf/agrimonia-procera-512-wildpflanze-naturnah.html","Agrimonia procera - Wohlriech. Odermennig"
"https://shop.hof-berggarten.de/pflanzen-bio-versand/pflanze-im-topf/origanum-vulgare-787-wildpflanze-naturnah.html","Origanum vulgare - Oregano, Dost"
"https://shop.hof-berggarten.de/pflanzen-bio-versand/pflanze-im-topf/origanum-hirtum-wildpflanze-naturnah.html","Origanum hirtum - Pizza-Oregano"
"https://shop.hof-berggarten.de/pflanzen-bio-versand/pflanze-im-topf/lychnis-viscaria-746-wildpflanze-naturnah.html","Lychnis viscaria - Pechnelke"
"https://shop.hof-berggarten.de/pflanzen-bio-versand/pflanze-im-topf/lysimachia-nummularia-wildpflanze-naturnah.html","Lysimachia nummularia - Pfennigkraut"
"https://shop.hof-berggarten.de/pflanzen-bio-versand/pflanze-im-topf/phlox-subulata-wildpflanze-naturnah.html","Phlox subulata - Polsterphlox"
"https://shop.hof-berggarten.de/pflanzen-bio-versand/pflanze-im-topf/lathyrus-vernus-722-wildpflanze-naturnah.html","Lathyrus vernus - Frühlingsplatterbse"
"https://shop.hof-berggarten.de/pflanzen-bio-versand/pflanze-im-topf/lathyrus-tuberosus-721-wildpflanze-naturnah.html","Lathyrus tuberosus - Knollenplatterbse"
"https://shop.hof-berggarten.de/pflanzen-bio-versand/pflanze-im-topf/lathyrus-sylvestris-720-wildpflanze-naturnah.html","Lathyrus sylvestris - Waldplatterbse"
"https://shop.hof-berggarten.de/pflanzen-bio-versand/pflanze-im-topf/lathyrus-pratensis-719-wildpflanze-naturnah.html","Lathyrus pratensis - Wiesenplatterbse"
"https://shop.hof-berggarten.de/pflanzen-bio-versand/pflanze-im-topf/lysimachia-punctata-wildpflanze-naturnah.html","Lysimachia punctata - Punktierter Gilbweiderich"
"https://shop.hof-berggarten.de/pflanzen-bio-versand/pflanze-im-topf/primula-farinosa-811--1024.html","Primula farinosa - Mehlprimel"
"https://shop.hof-berggarten.de/pflanzen-bio-versand/pflanze-im-topf/tanacetum-vulgare-881-wildpflanze-naturnah.html","Tanacetum vulgare - Rainfarn"
"https://shop.hof-berggarten.de/pflanzen-bio-versand/pflanze-im-topf/delphinium-elatum-wildpflanze-naturnah.html","Delphinium elatum - Gartenrittersporn"
"https://shop.hof-berggarten.de/pflanzen-bio-versand/pflanze-im-topf/rhodiola-rosea-wildpflanze-naturnah.html","Rhodiola rosea - Rosenwurz"
"https://shop.hof-berggarten.de/pflanzen-bio-versand/pflanze-im-topf/rosmarinus-officinalis-wildpflanze-naturnah.html","Rosmarinus officinalis - Rosmarin"
"https://shop.hof-berggarten.de/pflanzen-bio-versand/pflanze-im-topf/salvia-officinalis-827-wildpflanze-naturnah.html","Salvia officinalis - Echter Salbei"
"https://shop.hof-berggarten.de/pflanzen-bio-versand/pflanze-im-topf/salvia-glutinosa-825-wildpflanze-naturnah.html","Salvia glutinosa - Gelber/Klebr. Salbei"
"https://shop.hof-berggarten.de/pflanzen-bio-versand/pflanze-im-topf/salvia-nemorosa-826-wildpflanze-naturnah.html","Salvia nemorosa - Hainsalbei"
"https://shop.hof-berggarten.de/pflanzen-bio-versand/pflanze-im-topf/salvia-sclarea-829-wildpflanze-naturnah.html","Salvia sclarea - Muskatellersalbei"
"https://shop.hof-berggarten.de/pflanzen-bio-versand/pflanze-im-topf/salvia-verticillata-830-wildpflanze-naturnah.html","Salvia verticillata - Quirlblüt.Salbei"
"https://shop.hof-berggarten.de/pflanzen-bio-versand/pflanze-im-topf/salvia-pratensis-828-wildpflanze-naturnah.html","Salvia pratensis - Wiesensalbei"
"https://shop.hof-berggarten.de/pflanzen-bio-versand/pflanze-im-topf/jasione-laevis-wildpflanze-naturnah.html","Jasione laevis - Sandrapunzel"
"https://shop.hof-berggarten.de/pflanzen-bio-versand/pflanze-im-topf/rumex-acetosa-822-wildpflanze-naturnah.html","Rumex acetosa - Großer Sauerampfer"
"https://shop.hof-berggarten.de/pflanzen-bio-versand/pflanze-im-topf/achillea-nobilis-506-wildpflanze-naturnah.html","Achillea nobilis - Edle Schafgarbe"
"https://shop.hof-berggarten.de/pflanzen-bio-versand/pflanze-im-topf/achillea-filipendulina-wildpflanze-naturnah.html","Achillea filipendulina - Gelbe Schafgarbe"
"https://shop.hof-berggarten.de/pflanzen-bio-versand/pflanze-im-topf/achillea-millefolium-505-wildpflanze-naturnah.html","Achillea millefolium - Gemeine Schafgarbe"
"https://shop.hof-berggarten.de/pflanzen-bio-versand/pflanze-im-topf/achillea-ptarmica-507-wildpflanze-naturnah.html","Achillea ptarmica - Sumpfschafgarbe"
"https://shop.hof-berggarten.de/pflanzen-bio-versand/pflanze-im-topf/meconopsis-cambrica-756-wildpflanze-naturnah.html","Meconopsis cambrica - Gelber Scheinmohn"
"https://shop.hof-berggarten.de/pflanzen-bio-versand/pflanze-im-topf/gypsophila-repens-wildpflanze-naturnah.html","Gypsophila repens - Kriechendes Schleierkraut"
"https://shop.hof-berggarten.de/pflanzen-bio-versand/pflanze-im-topf/primula-veris-812-wildpflanze-naturnah.html","Primula veris - Echte Schlüsselblume"
"https://shop.hof-berggarten.de/pflanzen-bio-versand/pflanze-im-topf/primula-vulgaris-wildpflanze-naturnah.html","Primula vulgaris - Stengellose Schlüsselblume"
"https://shop.hof-berggarten.de/pflanzen-bio-versand/pflanze-im-topf/luzula-nivea-wildpflanze-naturnah.html","Luzula nivea - Schneehainsimse"
"https://shop.hof-berggarten.de/pflanzen-bio-versand/pflanze-im-topf/allium-schoenoprasum-519-wildpflanze-naturnah.html","Allium schoenoprasum - Schnittlauch"
"https://shop.hof-berggarten.de/pflanzen-bio-versand/pflanze-im-topf/chelidonium-majus-599-wildpflanze-naturnah.html","Chelidonium majus - Schöllkraut"
"https://shop.hof-berggarten.de/pflanzen-bio-versand/pflanze-im-topf/cephalaria-alpina-wildpflanze-naturnah.html","Cephalaria alpina - Alpenschuppenkopf"
"https://shop.hof-berggarten.de/pflanzen-bio-versand/pflanze-im-topf/cynanchum-vincetoxicum-wildpflanze-naturnah.html","Cynanchum vincetoxicum - Schwalbenwurz"
"https://shop.hof-berggarten.de/pflanzen-bio-versand/pflanze-im-topf/ballota-nigra-wildpflanze-naturnah.html","Ballota nigra - Schwarznessel"
"https://shop.hof-berggarten.de/pflanzen-bio-versand/pflanze-im-topf/iris-sibirica-706-wildpflanze-naturnah.html","Iris sibirica - Blaue Sumpfschwertlilie"
"https://shop.hof-berggarten.de/pflanzen-bio-versand/pflanze-im-topf/iris-germanica-florentina-wildpflanze-naturnah.html","Iris germanica Florentina - Deutsche Schwertlilie"
"https://shop.hof-berggarten.de/pflanzen-bio-versand/pflanze-im-topf/iris-pseudacorus-703-wildpflanze-naturnah.html","Iris pseudacorus - Gelbe Sumpfschwertlilie"
"https://shop.hof-berggarten.de/pflanzen-bio-versand/pflanze-im-topf/iris-pumila-wildpflanze-naturnah.html","Iris pumila - Zwergschwertlilie"
"https://shop.hof-berggarten.de/pflanzen-bio-versand/pflanze-im-topf/saponaria-officinalis-834-wildpflanze-naturnah.html","Saponaria officinalis - Seifenkraut"
"https://shop.hof-berggarten.de/pflanzen-bio-versand/pflanze-im-topf/saponaria-ocymoides-wildpflanze-naturnah.html","Saponaria ocymoides - Rotes Seifenkraut"
"https://shop.hof-berggarten.de/pflanzen-bio-versand/pflanze-im-topf/malva-alcaea-752-wildpflanze-naturnah.html","Malva alcaea - Sigmarskraut"
"https://shop.hof-berggarten.de/pflanzen-bio-versand/pflanze-im-topf/lunaria-rediviva-741-wildpflanze-naturnah.html","Lunaria rediviva - Ausdauerndes Silberblatt"
"https://shop.hof-berggarten.de/pflanzen-bio-versand/pflanze-im-topf/carlina-acaulis-585-wildpflanze-naturnah.html","Carlina acaulis - Silberdistel"
"https://shop.hof-berggarten.de/pflanzen-bio-versand/pflanze-im-topf/corynephorus-canescens-615-wildpflanze-naturnah.html","Corynephorus canescens - Silbergras"
"https://shop.hof-berggarten.de/pflanzen-bio-versand/pflanze-im-topf/alchemilla-alpina-wildpflanze-naturnah.html","Alchemilla alpina - Silbermantel"
"https://shop.hof-berggarten.de/pflanzen-bio-versand/pflanze-im-topf/scabiosa-ochroleuca-841-wildpflanze-naturnah.html","Scabiosa ochroleuca - Gelbe Skabiose"
"https://shop.hof-berggarten.de/pflanzen-bio-versand/pflanze-im-topf/scabiosa-columbaria-840-wildpflanze-naturnah.html","Scabiosa columbaria - Taubenskabiose"
"https://shop.hof-berggarten.de/pflanzen-bio-versand/pflanze-im-topf/rudbeckia-triloba-wildpflanze-naturnah.html","Rudbeckia triloba - Sonnenhut"
"https://shop.hof-berggarten.de/pflanzen-bio-versand/pflanze-im-topf/echinacea-purpurea-644-wildpflanze-naturnah.html","Echinacea purpurea - Purpursonnenhut"
"https://shop.hof-berggarten.de/pflanzen-bio-versand/pflanze-im-topf/helianthemum-nummularium-681-wildpflanze-naturnah.html","Helianthemum nummularium - Gem. Sonnenröschen"
"https://shop.hof-berggarten.de/pflanzen-bio-versand/pflanze-im-topf/helianthemum-apenninum-wildpflanze-naturnah.html","Helianthemum apenninum - weißes Sonnenröschen"
"https://shop.hof-berggarten.de/pflanzen-bio-versand/pflanze-im-topf/centranthus-ruber-594-wildpflanze-naturnah.html","Centranthus ruber - Spornblume"
"https://shop.hof-berggarten.de/pflanzen-bio-versand/pflanze-im-topf/linum-perenne-735-wildpflanze-naturnah.html","Linum perenne - Blauer Staudenlein"
"https://shop.hof-berggarten.de/pflanzen-bio-versand/pflanze-im-topf/lobelia-syphilitica-wildpflanze-naturnah.html","Lobelia syphilitica - Staudenlobelie"
"https://shop.hof-berggarten.de/pflanzen-bio-versand/pflanze-im-topf/saxifraga-granulata-837-wildpflanze-naturnah.html","Saxifraga granulata - Knöllchen-Steinbrech"
"https://shop.hof-berggarten.de/pflanzen-bio-versand/pflanze-im-topf/saxifraga-rotundifolia-wildpflanze-naturnah.html","Saxifraga rotundifolia - Rundblättriger Steinbrech"
"https://shop.hof-berggarten.de/pflanzen-bio-versand/pflanze-im-topf/saxifraga-paniculata-wildpflanze-naturnah.html","Saxifraga paniculata - Traubensteinbrech"
"https://shop.hof-berggarten.de/pflanzen-bio-versand/pflanze-im-topf/alyssum-wildpflanze-naturnah.html","Alyssum saxatile - Felsensteinkraut"
"https://shop.hof-berggarten.de/pflanzen-bio-versand/pflanze-im-topf/acinos-alpinus-wildpflanze-naturnah.html","Acinos alpinus - Alpensteinquendel"
"https://shop.hof-berggarten.de/pflanzen-bio-versand/pflanze-im-topf/buglossoides-purpurocaeruleum-wildpflanze-naturnah.html","Buglossoides purpurocaeruleum - Blauroter Steinsame"
"https://shop.hof-berggarten.de/pflanzen-bio-versand/pflanze-im-topf/astrantia-major-561-wildpflanze-naturnah.html","Astrantia major - Sterndolde"
"https://shop.hof-berggarten.de/pflanzen-bio-versand/pflanze-im-topf/althaea-rosea-524-wildpflanze-naturnah.html","Althaea rosea - Stockmalve (Stockrose)"
"https://shop.hof-berggarten.de/pflanzen-bio-versand/pflanze-im-topf/althaea-rosea-nigra-525-wildpflanze-naturnah.html","Althaea rosea nigra - Schwarze Stockmalve"
"https://shop.hof-berggarten.de/pflanzen-bio-versand/pflanze-im-topf/geranium-sanguineum-670-wildpflanze-naturnah.html","Geranium sanguineum - Blutstorchschnabel"
"https://shop.hof-berggarten.de/pflanzen-bio-versand/pflanze-im-topf/geranium-phaeum-wildpflanze-naturnah.html","Geranium phaeum - Brauner Storchschnabel"
"https://shop.hof-berggarten.de/produkte/gartenliteratur/baeume/geranium-nodosum-wildpflanze-naturnah.html","Geranium nodosum - Knotiger Bergwald Storchschnabel"
"https://shop.hof-berggarten.de/pflanzen-bio-versand/pflanze-im-topf/geranium-palustre-667-wildpflanze-naturnah.html","Geranium palustre - Sumpfstorchschnabel"
"https://shop.hof-berggarten.de/pflanzen-bio-versand/pflanze-im-topf/geranium-sylvaticum-671-wildpflanze-naturnah.html","Geranium sylvaticum - Waldstorchschnabel"
"https://shop.hof-berggarten.de/pflanzen-bio-versand/pflanze-im-topf/geranium-pratense-669-wildpflanze-naturnah.html","Geranium pratense - Wiesenstorchschnabel"
"https://shop.hof-berggarten.de/pflanzen-bio-versand/pflanze-im-topf/caltha-palustris-569-wildpflanze-naturnah.html","Caltha palustris - Sumpfdotterblume"
"https://shop.hof-berggarten.de/pflanzen-bio-versand/pflanze-im-topf/myrrhis-odorata-777-wildpflanze-naturnah.html","Myrrhis odorata - Süssdolde"
"https://shop.hof-berggarten.de/pflanzen-bio-versand/pflanze-im-topf/astragalus-glycyphyllos-wildpflanze-naturnah.html","Astragalus glycyphyllos - Süßholz-Tragant"
"https://shop.hof-berggarten.de/pflanzen-bio-versand/pflanze-im-topf/hemerocallis-minor-wildpflanze-naturnah.html","Hemerocallis minor - Kleine Taglilie"
"https://shop.hof-berggarten.de/pflanzen-bio-versand/pflanze-im-topf/silene-vulgaris-864-wildpflanze-naturnah.html","Silene vulgaris - Taubenkropf"
"https://shop.hof-berggarten.de/pflanzen-bio-versand/pflanze-im-topf/lamium-maculatum-wildpflanze-naturnah.html","Lamium maculatum - Gefleckte Taubnessel"
"https://shop.hof-berggarten.de/pflanzen-bio-versand/pflanze-im-topf/lamium-galeobdolon-wildpflanze-naturnah.html","Lamium galeobdolon - Gelbe Taubnessel"
"https://shop.hof-berggarten.de/pflanzen-bio-versand/pflanze-im-topf/lamium-album-wildpflanze-naturnah.html","Lamium album - Weiße Taubnessel"
"https://shop.hof-berggarten.de/pflanzen-bio-versand/pflanze-im-topf/centaurium-umbellatum-593-wildpflanze-naturnah.html","Centaurium umbellatum - Tausendgüldenkraut"
"https://shop.hof-berggarten.de/pflanzen-bio-versand/pflanze-im-topf/succisa-pratensis-873-wildpflanze-naturnah.html","Succisa pratensis - Teufelsabbiss"
"https://shop.hof-berggarten.de/pflanzen-bio-versand/pflanze-im-topf/thymus-vulgaris-891-wildpflanze-naturnah.html","Thymus vulgaris - Echter Thymian"
"https://shop.hof-berggarten.de/pflanzen-bio-versand/pflanze-im-topf/thymus-praecox-wildpflanze-naturnah.html","Thymus praecox - Frühblühender Thymian"
"https://shop.hof-berggarten.de/pflanzen-bio-versand/pflanze-im-topf/thymus-serphyllum-cocconieus-wildpflanze-naturnah.html","Thymus serphyllum Cocconieus - Roter Sandthymian"
"https://shop.hof-berggarten.de/pflanzen-bio-versand/pflanze-im-topf/thymus-pulegioides-892-wildpflanze-naturnah.html","Thymus pulegioides - Quendel, Feldthymian"
"https://shop.hof-berggarten.de/pflanzen-bio-versand/pflanze-im-topf/atropa-belladonna-562-wildpflanze-naturnah.html","Atropa belladonna - Tollkirsche"
"https://shop.hof-berggarten.de/pflanzen-bio-versand/pflanze-im-topf/sedum-rupestre-849-wildpflanze-naturnah.html","Sedum rupestre - Tripmadam"
"https://shop.hof-berggarten.de/pflanzen-bio-versand/pflanze-im-topf/trollius-europaeus-896-wildpflanze-naturnah.html","Trollius europaeus - Trollblume"
"https://shop.hof-berggarten.de/pflanzen-bio-versand/pflanze-im-topf/viola-odorata-917-wildpflanze-naturnah.html","Viola odorata - Duftveilchen"
"https://shop.hof-berggarten.de/pflanzen-bio-versand/pflanze-im-topf/viola-palustris-wildpflanze-naturnah.html","Viola palustris - Sumpf-Veilchen"
"https://shop.hof-berggarten.de/pflanzen-bio-versand/pflanze-im-topf/myosotis-palustris-775-wildpflanze-naturnah.html","Myosotis palustris - Sumpfvergissmeinnicht"
"https://shop.hof-berggarten.de/pflanzen-bio-versand/pflanze-im-topf/myosotis-sylvatica-776-wildpflanze-naturnah.html","Myosotis sylvatica - Waldvergissmeinnicht"
"https://shop.hof-berggarten.de/pflanzen-bio-versand/pflanze-im-topf/fragaria-vesca-657-wildpflanze-naturnah.html","Fragaria vesca - Walderdbeere"
"https://shop.hof-berggarten.de/pflanzen-bio-versand/pflanze-im-topf/aruncus-dioicus-552-wildpflanze-naturnah.html","Aruncus dioicus - Waldgeißbart"
"https://shop.hof-berggarten.de/pflanzen-bio-versand/pflanze-im-topf/lonicera-periclymenum-wildpflanze-naturnah.html","Lonicera periclymenum - Waldgeissblatt"
"https://shop.hof-berggarten.de/pflanzen-bio-versand/pflanze-im-topf/galium-odoratum-661-wildpflanze-naturnah.html","Galium odoratum - Waldmeister"
"https://shop.hof-berggarten.de/pflanzen-bio-versand/pflanze-im-topf/clematis-tangutica-wildpflanze-naturnah.html","Clematis tangutica - Gelbe Waldrebe"
"https://shop.hof-berggarten.de/pflanzen-bio-versand/pflanze-im-topf/eupatorium-cannabinum-653-wildpflanze-naturnah.html","Eupatorium cannabinum - Wasserdost"
"https://shop.hof-berggarten.de/pflanzen-bio-versand/pflanze-im-topf/cichorium-intybus-605-wildpflanze-naturnah.html","Cichorium intybus - Wegwarte"
"https://shop.hof-berggarten.de/pflanzen-bio-versand/pflanze-im-topf/epilobium-dodonaei-649-wildpflanze-naturnah.html","Epilobium dodonaei - Rosmarin-Weidenröschen"
"https://shop.hof-berggarten.de/pflanzen-bio-versand/pflanze-im-topf/epilobium-angustifolium-wildpflanze-naturnah.html","Epilobium angustifolium - Schmalblättriges Weidenröschen"
"https://shop.hof-berggarten.de/pflanzen-bio-versand/pflanze-im-topf/polygonatum-verticillatum-wildpflanze-naturnah.html","Polygonatum verticillatum - quirlblättrige Weißwurz"
"https://shop.hof-berggarten.de/pflanzen-bio-versand/pflanze-im-topf/artemisia-absinthium-548-wildpflanze-naturnah.html","Artemisia absinthium - Wermut"
"https://shop.hof-berggarten.de/pflanzen-bio-versand/pflanze-im-topf/vicia-cracca-915-wildpflanze-naturnah.html","Vicia cracca - Vogelwicke"
"https://shop.hof-berggarten.de/pflanzen-bio-versand/pflanze-im-topf/anthriscus-sylvestris-538-wildpflanze-naturnah.html","Anthriscus sylvestris - Wiesenkerbel"
"https://shop.hof-berggarten.de/pflanzen-bio-versand/pflanze-im-topf/sanguisorba-officinalis-832-wildpflanze-naturnah.html","Sanguisorba officinalis - Großer Wiesenknopf"
"https://shop.hof-berggarten.de/pflanzen-bio-versand/pflanze-im-topf/sanguisorba-minor-831-wildpflanze-naturnah.html","Sanguisorba minor - Pimpinelle/Kleiner Wiesenknopf"
"https://shop.hof-berggarten.de/pflanzen-bio-versand/pflanze-im-topf/thalicthrum-aquilegifolium-886-wildpflanze-naturnah.html","Thalicthrum aquilegifolium - Akeleiblätt. Wiesenraute"
"https://shop.hof-berggarten.de/pflanzen-bio-versand/pflanze-im-topf/cardamine-pratensis-581-wildpflanze-naturnah.html","Cardamine pratensis - Wiesenschaumkraut"
"https://shop.hof-berggarten.de/pflanzen-bio-versand/pflanze-im-topf/melica-ciliata-760-wildpflanze-naturnah.html","Melica ciliata - Wimperperlgras"
"https://shop.hof-berggarten.de/pflanzen-bio-versand/pflanze-im-topf/anemone-sylvestris-wildpflanze-naturnah.html","Anemone sylvestris - Großes Windröschen"
"https://shop.hof-berggarten.de/pflanzen-bio-versand/pflanze-im-topf/clinopodium-vulgare-612-wildpflanze-naturnah.html","Clinopodium vulgare - Wirbeldost"
"https://shop.hof-berggarten.de/pflanzen-bio-versand/pflanze-im-topf/jovibarba-sobolifera-wildpflanze-naturnah.html","Jovibarba sobolifera - Kugelige Wirbel-Steinwurz"
"https://shop.hof-berggarten.de/pflanzen-bio-versand/pflanze-im-topf/knautia-sylvatica-712-wildpflanze-naturnah.html","Knautia sylvatica - Waldwitwenblume"
"https://shop.hof-berggarten.de/pflanzen-bio-versand/pflanze-im-topf/knautia-arvensis-711-wildpflanze-naturnah.html","Knautia arvensis - Wiesenwitwenblume"
"https://shop.hof-berggarten.de/pflanzen-bio-versand/pflanze-im-topf/euphorbia-cyparissias-wildpflanze-naturnah.html","Euphorbia cyparissias - Zypressenwolfsmilch"
"https://shop.hof-berggarten.de/pflanzen-bio-versand/pflanze-im-topf/anthyllis-vulneraria-539-wildpflanze-naturnah.html","Anthyllis vulneraria - Wundklee"
"https://shop.hof-berggarten.de/pflanzen-bio-versand/pflanze-im-topf/hyssopus-officinalis-695-wildpflanze-naturnah.html","Hyssopus officinalis - Ysop"
"https://shop.hof-berggarten.de/pflanzen-bio-versand/pflanze-im-topf/stachys-recta-871-wildpflanze-naturnah.html","Stachys recta - Bergziest"
"https://shop.hof-berggarten.de/pflanzen-bio-versand/pflanze-im-topf/stachys-grandiflora-wildpflanze-naturnah.html","Stachys grandiflora - großer Ziest"
"https://shop.hof-berggarten.de/pflanzen-bio-versand/pflanze-im-topf/stachys-palustris-wildpflanze-naturnah.html","Stachys palustris - Sumpfziest"
"https://shop.hof-berggarten.de/pflanzen-bio-versand/pflanze-im-topf/stachys-sylvatica-872-wildpflanze-naturnah.html","Stachys sylvatica - Waldziest"
"https://shop.hof-berggarten.de/pflanzen-bio-versand/pflanze-im-topf/stachys-lanata-wildpflanze-naturnah.html","Stachys lanata - Wolliger Ziest"
"https://shop.hof-berggarten.de/pflanzen-bio-versand/pflanze-im-topf/melissa-officinalis-761-wildpflanze-naturnah.html","Melissa officinalis - Zitronenmelisse"
"https://shop.hof-berggarten.de/pflanzen-bio-versand/pflanze-im-topf/aloysia-triphylla-wildpflanze-naturnah.html","Aloysia triphylla - Zitronenverbene"
"https://shop.hof-berggarten.de/pflanzen-bio-versand/pflanze-im-topf/briza-media-565-wildpflanze-naturnah.html","Briza media - Wiesenzittergras"
"https://shop.hof-berggarten.de/pflanzen-bio-versand/pflanze-im-topf/stachys-palustris-wildpflanze-naturnah.html","Stachys palustris - Sumpfziest"
"https://shop.hof-berggarten.de/pflanzen-bio-versand/pflanze-im-topf/stachys-sylvatica-872-wildpflanze-naturnah.html","Stachys sylvatica - Waldziest"
"https://shop.hof-berggarten.de/pflanzen-bio-versand/pflanze-im-topf/stachys-lanata-wildpflanze-naturnah.html","Stachys lanata - Wolliger Ziest"
"https://shop.hof-berggarten.de/pflanzen-bio-versand/pflanze-im-topf/melissa-officinalis-761-wildpflanze-naturnah.html","Melissa officinalis - Zitronenmelisse"
"https://shop.hof-berggarten.de/pflanzen-bio-versand/pflanze-im-topf/aloysia-triphylla-wildpflanze-naturnah.html","Aloysia triphylla - Zitronenverbene"
"https://shop.hof-berggarten.de/pflanzen-bio-versand/pflanze-im-topf/briza-media-565-wildpflanze-naturnah.html","Briza media - Wiesenzittergras"
