"Wissenschaftlicher Name","Deutscher Name","Produzent","URL"
"Acer opalus","Schneeballblättriger Ahorn","Blauetikett Bornträger",NA
"Achillea nobilis","Edel-Schafgarbe","Blauetikett Bornträger",NA
"Aconitum variegatum","Bunter Eisenhut","Blauetikett Bornträger",NA
"Adonis aestivalis","Sommer-Adonisröschen,Blutauge, Blutströpfchen, Sommerblutströpfchen, Feuerröschen, Kleines Teufelsauge","Blauetikett Bornträger","https://www.blauetikett.de/samen-1/wildblumen/adonis-aestivalis-blutstr-pfchen.html"
"Agrostemma githago","Gewöhnliche Kornrade","Blauetikett Bornträger","https://www.blauetikett.de/samen-1/wildblumen/agrostemma-githago-kornrade.html"
"Agrostis vinealis","Schmalrispiges Straußgras","Blauetikett Bornträger",NA
"Ajuga chamaepitys","Gelber Günsel,Acker-Günsel","Blauetikett Bornträger",NA
"Alchemilla hoppeana","Berg-Silbermantel","Blauetikett Bornträger",NA
"Allium angulosum","Kanten-Lauch","Blauetikett Bornträger",NA
"Allium carinatum","Kiel-Lauch","Blauetikett Bornträger",NA
"Allium rotundum","Runder Lauch","Blauetikett Bornträger",NA
"Allium schoenoprasum","Schnittlauch","Blauetikett Bornträger",NA
"Allium sphaerocephalon","Kugelköpfiger Lauch,Kopflauch","Blauetikett Bornträger",NA
"Allium suaveolens","Duftlauch,Wohlriechender Lauch","Blauetikett Bornträger",NA
"Alnus alnobetula","Grün-Erle","Blauetikett Bornträger",NA
"Althaea officinalis","Echter Eibisch","Blauetikett Bornträger","https://www.blauetikett.de/samen-1/wildblumen/althaea-officinalis-eibisch.html"
"Alyssum alyssoides","Kelch-Steinkraut","Blauetikett Bornträger",NA
"Anagallis tenella","Zarter Gauchheil","Blauetikett Bornträger",NA
"Anchusa officinalis","Gemeine Ochsenzunge","Blauetikett Bornträger","https://www.blauetikett.de/samen-1/wildblumen/anchusa-officinalis-ochsenzunge.html"
"Andromeda polifolia","Polei-Gränke,Lavendelheide, Rosmarinheide","Blauetikett Bornträger",NA
"Anemone narcissiflora","Narzissen-Windröschen","Blauetikett Bornträger",NA
"Anemone sylvestris","Großes Windröschen","Blauetikett Bornträger",NA
"Antennaria dioica","Gewöhnliche Katzenpfötchen","Blauetikett Bornträger","https://www.blauetikett.de/samen-1/wildblumen/antennaria-dioica-katzenpf-tchen.html"
"Anthemis arvensis","Acker-Hundskamille","Blauetikett Bornträger",NA
"Anthemis tinctoria","Färberkamille,Färber-Hundskamille","Blauetikett Bornträger","https://www.blauetikett.de/samen-1/wildblumen/anthemis-tinctoria-f-rberkamille.html"
"Anthericum liliago","Traubige Graslilie,Astlose Graslilie","Blauetikett Bornträger",NA
"Anthericum ramosum","Ästige Graslilie,Rispige Graslilie","Blauetikett Bornträger",NA
"Apium graveolens","Sellerie","Blauetikett Bornträger",NA
"Apium nodiflorum","Knotenblütiger Sellerie,Sumpfschirm","Blauetikett Bornträger",NA
"Aquilegia atrata","Schwarzviolette Akelei","Blauetikett Bornträger","https://www.blauetikett.de/samen-1/wildblumen/aquilegia-atrata-dunkle-akelei.html"
"Aquilegia vulgaris","Gemeine Akelei","Blauetikett Bornträger","https://www.blauetikett.de/samen-1/wildblumen/aquilegia-vulgaris-akelei-gew-hnliche.html"
"Arabis alpina","Alpen-Gänsekresse","Blauetikett Bornträger",NA
"Arctostaphylos uva-ursi","Echte Bärentraube","Blauetikett Bornträger",NA
"Arnica montana","Echte Arnika","Blauetikett Bornträger","https://www.blauetikett.de/samen-1/wildblumen/arnica-montana-berg-wohlverleih.html"
"Artemisia campestris","Feld-Beifuß","Blauetikett Bornträger",NA
"Artemisia pontica","Pontischer Beifuß,Römischer Wermut","Blauetikett Bornträger",NA
"Asperula tinctoria","Färber-Meier","Blauetikett Bornträger",NA
"Aster amellus","Berg-Aster,Kalk-Aster","Blauetikett Bornträger","https://www.blauetikett.de/samen-1/wildblumen/aster-amellus-bergaster.html"
"Aster bellidiastrum","Alpenmaßlieb","Blauetikett Bornträger",NA
"Aster linosyris","Goldhaar-Aster","Blauetikett Bornträger",NA
"Astragalus cicer","Kicher-Tragant","Blauetikett Bornträger",NA
"Athamanta cretensis","Alpen-Augenwurz,Zottige Augenwurz","Blauetikett Bornträger",NA
"Bartsia alpina","Alpen-Bartschie,Alpenhelm","Blauetikett Bornträger",NA
"Betula humilis","Niedrige Birke","Blauetikett Bornträger",NA
"Betula nana","Zwerg-Birke","Blauetikett Bornträger",NA
"Bryonia alba","Weiße Zaunrübe","Blauetikett Bornträger",NA
"Buphthalmum salicifolium","Ochsenauge,Weidenblatt-Rindsauge","Blauetikett Bornträger",NA
"Bupleurum longifolium","Langblättriges Hasenohr","Blauetikett Bornträger",NA
"Bupleurum rotundifolium","Rundblättriges Hasenohr,Acker-Hasenohr, Durchwachskraut, Durchwachs-Hasenohr","Blauetikett Bornträger",NA
"Calamagrostis pseudophragmites","Ufer-Reitgras","Blauetikett Bornträger",NA
"Calamagrostis varia","Berg-Reitgras","Blauetikett Bornträger",NA
"Calendula arvensis","Acker-Ringelblume","Blauetikett Bornträger","https://www.blauetikett.de/samen-1/wildblumen/calendula-arvensis-ackerringelblume.html"
"Calla palustris","Sumpfkalla,Drachenwurz","Blauetikett Bornträger",NA
"Campanula cervicaria","Borstige Glockenblume","Blauetikett Bornträger",NA
"Campanula cochleariifolia","Zwerg-Glockenblume,Niedliche Glockenblume","Blauetikett Bornträger",NA
"Campanula glomerata","Knäuel-Glockenblume,Büschelglockenblume, Knäuekblütige Glockenblume","Blauetikett Bornträger","https://www.blauetikett.de/samen-1/wildblumen/campanula-glomerata-kn-uelglockenblume.html"
"Campanula rhomboidalis","Rautenblättrige Glockenblume","Blauetikett Bornträger",NA
"Campanula scheuchzeri","Scheuchzers Glockenblume","Blauetikett Bornträger",NA
"Carduus acanthoides","Weg-Distel","Blauetikett Bornträger",NA
"Carduus defloratus","Alpen-Distel","Blauetikett Bornträger",NA
"Carex davalliana","Davalls Segge,Torf-Segge","Blauetikett Bornträger",NA
"Carex diandra","Draht-Segge","Blauetikett Bornträger",NA
"Carex ericetorum","Heide-Segge","Blauetikett Bornträger",NA
"Carex flava","Gelbe Segge","Blauetikett Bornträger",NA
"Carex humilis","Erd-Segge,Zwergsegge","Blauetikett Bornträger",NA
"Carex nigra","Wiesen-Segge","Blauetikett Bornträger",NA
"Carex pseudocyperus","Scheinzypergras-Segge","Blauetikett Bornträger",NA
"Carex sempervirens","Horst-Segge","Blauetikett Bornträger",NA
"Carex vulpina","Fuchs-Segge","Blauetikett Bornträger",NA
"Centaurea pseudophrygia","Perücken-Flockenblume","Blauetikett Bornträger",NA
"Ceratophyllum submersum","Zartes Hornblatt","Blauetikett Bornträger",NA
"Chenopodium bonus-henricus","Guter Heinrich","Blauetikett Bornträger",NA
"Chondrilla juncea","Großer Knorpellattich,Binsen-Knorpellattich","Blauetikett Bornträger",NA
"Cicerbita plumieri","Französischer Milchlattich","Blauetikett Bornträger",NA
"Cicuta virosa","Wasserschierling,Gift-Wasserschierling","Blauetikett Bornträger",NA
"Cirsium acaule","Stängellose Kratzdistel","Blauetikett Bornträger",NA
"Cirsium rivulare","Bach-Kratzdistel","Blauetikett Bornträger",NA
"Cirsium tuberosum","Knollen-Kratzdistel","Blauetikett Bornträger",NA
"Cladium mariscus","Binsen-Schneide","Blauetikett Bornträger",NA
"Colutea arborescens","Gelber Blasenstrauch","Blauetikett Bornträger",NA
"Conium maculatum","Gefleckter Schierling","Blauetikett Bornträger","https://www.blauetikett.de/samen-1/wildblumen/conium-maculatum-fleckenschierling.html"
"Consolida regalis","Gewöhnlicher Feldrittersporn,Ackerrittersporn","Blauetikett Bornträger",NA
"Coronilla coronata","Berg-Kronwicke","Blauetikett Bornträger",NA
"Coronilla vaginalis","Scheiden-Kronwicke","Blauetikett Bornträger",NA
"Corydalis intermedia","Mittlerer Lerchensporn","Blauetikett Bornträger",NA
"Corynephorus canescens","Gewöhnliches Silbergras","Blauetikett Bornträger",NA
"Crepis tectorum","Dach-Pippau","Blauetikett Bornträger",NA
"Cyperus longus","Hohes Zypergras","Blauetikett Bornträger",NA
"Cytisus nigricans","Schwarzer Geißklee","Blauetikett Bornträger",NA
"Dactylorhiza incarnata","Steifblättrige Fingerwurz,Fleischfarbenes Knabenkraut","Blauetikett Bornträger",NA
"Daphne cneorum","Rosmarin-Seidelbast","Blauetikett Bornträger",NA
"Descurainia sophia","Gewöhnliche Besenrauke","Blauetikett Bornträger",NA
"Dianthus armeria","Raue Nelke,Büschel-Nelke","Blauetikett Bornträger",NA
"Dianthus carthusianorum","Karthäuser-Nelke","Blauetikett Bornträger","https://www.blauetikett.de/samen-1/wildblumen/dianthus-carthusianorum-karth-usernelke.html"
"Dianthus deltoides","Heide-Nelke","Blauetikett Bornträger","https://www.blauetikett.de/samen-1/wildblumen/dianthus-deltoides-heidenelke.html"
"Dianthus gratianopolitanus","Pfingst-Nelke,Grenobler Nelke","Blauetikett Bornträger",NA
"Dianthus superbus","Pracht-Nelke","Blauetikett Bornträger","https://www.blauetikett.de/samen-1/wildblumen/dianthus-superbus-prachtnelke.html"
"Dictamnus albus","Diptam","Blauetikett Bornträger","https://www.blauetikett.de/samen-1/wildblumen/dictamnus-albus-diptam.html"
"Digitalis grandiflora","Großblütiger Fingerhut","Blauetikett Bornträger","https://www.blauetikett.de/samen-1/wildblumen/digitalis-grandiflora-gro-bl-tiger-fingerhut.html"
"Digitalis lutea","Gelber Fingerhut","Blauetikett Bornträger","https://www.blauetikett.de/samen-1/wildblumen/digitalis-lutea-gelber-fingerhut.html"
"Draba aizoides","Immergrünes Felsenblümchen,Hungerblümchen","Blauetikett Bornträger",NA
"Dryopteris cristata","Kammfarn","Blauetikett Bornträger",NA
"Echinocystis lobata","Stachelgurke,Gelappte Stachelgurke, Igelgurke","Blauetikett Bornträger",NA
"Eleocharis acicularis","Nadel-Sumpfbinse","Blauetikett Bornträger",NA
"Empetrum nigrum","Schwarze Krähenbeere","Blauetikett Bornträger",NA
"Epilobium palustre","Sumpf-Weidenröschen","Blauetikett Bornträger",NA
"Equisetum variegatum","Bunter Schachtelhalm","Blauetikett Bornträger",NA
"Erica carnea","Schnee-Heide","Blauetikett Bornträger",NA
"Eriophorum angustifolium","Schmalblättriges Wollgras","Blauetikett Bornträger",NA
"Eriophorum latifolium","Breitblättriges Wollgras","Blauetikett Bornträger",NA
"Eriophorum vaginatum","Scheidiges Wollgras","Blauetikett Bornträger",NA
"Eryngium campestre","Feld-Mannstreu","Blauetikett Bornträger",NA
"Erysimum cheiri","Goldlack","Blauetikett Bornträger",NA
"Erysimum crepidifolium","Bleicher Schöterich","Blauetikett Bornträger",NA
"Erysimum odoratum","Duft-Schöterich","Blauetikett Bornträger",NA
"Euphorbia esula","Esels-Wolfsmilch","Blauetikett Bornträger",NA
"Euphorbia palustris","Sumpf-Wolfsmilch","Blauetikett Bornträger",NA
"Euphorbia seguieriana","Steppen-Wolfsmilch","Blauetikett Bornträger",NA
"Fagopyrum tataricum","Tatarischer Buchweizen,Falscher Buchweizen","Blauetikett Bornträger",NA
"Festuca amethystina","Amethyst-Schwingel","Blauetikett Bornträger",NA
"Festuca filiformis","Haar-Schafschwingel","Blauetikett Bornträger",NA
"Filipendula vulgaris","Kleines Mädesüß,Knollen-Rüsterstaude, Knolliger Geißbart","Blauetikett Bornträger","https://www.blauetikett.de/samen-1/wildblumen/filipendula-vulgaris-m-des.html"
"Fragaria moschata","Zimt-Erdbeere,Moschus-Erdbeere","Blauetikett Bornträger",NA
"Fritillaria meleagris","Schachbrettblume,Perlhuhn-Schachbrettblume","Blauetikett Bornträger",NA
"Fumana procumbens","Gewöhnliches Nadelröschen","Blauetikett Bornträger",NA
"Gagea villosa","Acker-Gelbstern,Acker-Goldstern","Blauetikett Bornträger",NA
"Galeopsis ladanum","Breitblättriger Hohlzahn","Blauetikett Bornträger",NA
"Galeopsis segetum","Saat-Hohlz","Blauetikett Bornträger",NA
"Galium boreale","Nordisches Labkraut","Blauetikett Bornträger",NA
"Galium glaucum","Blaugrünes Labkraut","Blauetikett Bornträger",NA
"Galium pumilum","Heide-Labkraut,Triften-Labkraut, Zierliches Labkraut","Blauetikett Bornträger",NA
"Genista germanica","Deutscher Ginster","Blauetikett Bornträger",NA
"Genista pilosa","Sand-Ginster,Haar-Ginster","Blauetikett Bornträger",NA
"Gentiana asclepiadea","Schwalbenwurz-Enzian","Blauetikett Bornträger",NA
"Gentiana cruciata","Kreuz-Enzian,Gentiana cruciata subsp. cruciata","Blauetikett Bornträger",NA
"Gentiana lutea","Gelber Enzian","Blauetikett Bornträger","https://www.blauetikett.de/samen-1/wildblumen/gentiana-lutea-gelber-enzian.html"
"Gentiana pneumonanthe","Lungen-Enzian","Blauetikett Bornträger",NA
"Gentiana verna","Frühlings-Enzian,Schusternagerl, Himmelsbläueli","Blauetikett Bornträger",NA
"Gentianella germanica","Deutscher Kranzenzian,Deutscher Fransenenzian","Blauetikett Bornträger",NA
"Gladiolus palustris","Sumpf-Siegwurz,Sumpf-Gladiole","Blauetikett Bornträger",NA
"Globularia punctata","Echte Kugelblume","Blauetikett Bornträger",NA
"Gratiola officinalis","Gottes-Gnadenkraut,Sumpfgnadenkraut","Blauetikett Bornträger",NA
"Gymnadenia conopsea","Große Händelwurz,Mücken-Händelwurz","Blauetikett Bornträger",NA
"Gypsophila muralis","Mauer-Gipskraut,Acker-Gipskraut","Blauetikett Bornträger",NA
"Gypsophila repens","Kriechendes Gipskraut","Blauetikett Bornträger",NA
"Helianthemum canum","Graues Sonnenröschen","Blauetikett Bornträger",NA
"Helianthemum nummularium","Gelbes Sonnenröschen,Gewöhnliches Sonnenröschen","Blauetikett Bornträger","https://www.blauetikett.de/samen-1/wildblumen/helianthemum-nummularium-sonnenr-schen.html"
"Helichrysum arenarium","Sand-Strohblume","Blauetikett Bornträger",NA
"Helleborus viridis","Grüne Niewswurz","Blauetikett Bornträger",NA
"Hieracium bauhini","Ungarisches Habichtskraut","Blauetikett Bornträger",NA
"Hieracium hoppeanum","Hoppes Habichtskraut","Blauetikett Bornträger",NA
"Hieracium lactucella","Geöhrtes Habichtskraut","Blauetikett Bornträger",NA
"Hierochloe odorata","Duftendes Mariengras","Blauetikett Bornträger",NA
"Hippocrepis emerus","Strauchwicke,Strauchkronwicke","Blauetikett Bornträger",NA
"Hippuris vulgaris","Gewöhnlicher Tannenwedel,Gemeiner Tannenwedel","Blauetikett Bornträger",NA
"Homogyne alpina","Gewöhnlicher Alpenlattich","Blauetikett Bornträger",NA
"Hottonia palustris","Wasserfeder,Wasserprimel","Blauetikett Bornträger",NA
"Hydrocharis morsus-ranae","Europäischer Froschbiss","Blauetikett Bornträger",NA
"Hydrocotyle vulgaris","Gewöhnlicher Wassernabel","Blauetikett Bornträger",NA
"Hyoscyamus niger","Schwarzes Bilsenkraut","Blauetikett Bornträger","https://www.blauetikett.de/samen-1/wildblumen/hyoscyamus-niger-bilsenkraut.html"
"Hypochaeris glabra","Kahles Ferkelkraut","Blauetikett Bornträger",NA
"Hypochaeris maculata","Geflecktes Ferkelkraut","Blauetikett Bornträger",NA
"Hyssopus officinalis","Ysop","Blauetikett Bornträger",NA
"Iberis amara","Bittere Schleifenblume","Blauetikett Bornträger",NA
"Inula britannica","Wiesen-Alant","Blauetikett Bornträger",NA
"Inula hirta","Rauer Alant","Blauetikett Bornträger","https://www.blauetikett.de/samen-1/wildblumen/inula-hirta-rauher-alant.html"
"Iris germanica","Deutsche Schwertlilie,Bart-Iris","Blauetikett Bornträger",NA
"Iris sibirica","Sibirische Schwertlilie,Wiesen-Schwertlilie, Blaue Schwertlilie","Blauetikett Bornträger",NA
"Iris variegata","Bunte Schwertlilie","Blauetikett Bornträger",NA
"Jasione laevis","Ausdauerndes Sandglöckchen","Blauetikett Bornträger",NA
"Jasione montana","Berg-Sandglöckchen,Schafrapunzel","Blauetikett Bornträger",NA
"Juncus subnodulosus","Stumpfblütige Binse","Blauetikett Bornträger",NA
"Koeleria glauca","Blaugraue Kammschmiele,Schillergras","Blauetikett Bornträger",NA
"Lactuca perennis","Blauer Lattich","Blauetikett Bornträger",NA
"Lactuca virosa","Gift-Lattich","Blauetikett Bornträger",NA
"Laserpitium prutenicum","Preußisches Laserkraut","Blauetikett Bornträger",NA
"Laserpitium siler","Berg-Laserkraut,Bergkümmel","Blauetikett Bornträger",NA
"Lathyrus aphaca","Ranken-Platterbse","Blauetikett Bornträger",NA
"Lathyrus heterophyllus","Verschiedenblättrige Platterbs","Blauetikett Bornträger",NA
"Lathyrus palustris","Sumpf-Platterbse","Blauetikett Bornträger",NA
"Ledum palustre","Sumpf-Porst","Blauetikett Bornträger",NA
"Legousia speculum-veneris","Venus-Frauenspiegel","Blauetikett Bornträger",NA
"Leucojum vernum","Märzenbecher","Blauetikett Bornträger",NA
"Linaria alpina","Alpen-Leinkraut","Blauetikett Bornträger",NA
"Linum flavum","Gelber Lein","Blauetikett Bornträger","https://www.blauetikett.de/samen-1/wildblumen/linum-flavum-gelber-staudenlein.html"
"Linum flavum","Gelber Lein","Blauetikett Bornträger","https://www.blauetikett.de/samen-1/wildblumen/linum-flavum-gelber-lein-6176.html"
"Linum perenne","Blauer Lein,Dauerlein, Stauden-Lein","Blauetikett Bornträger","https://www.blauetikett.de/samen-1/wildblumen/linum-perenne-blauer-staudenlein.html"
"Linum tenuifolium","Schmalblättriger Lein","Blauetikett Bornträger",NA
"Lithospermum officinale","Echter Steinsame","Blauetikett Bornträger",NA
"Lolium temulentum","Taumel-Lolch,Rauschgras, Schwindelweizen,","Blauetikett Bornträger",NA
"Lonicera caerulea","Blaue Heckenkirsche","Blauetikett Bornträger",NA
"Lotus maritimus","Gelbe Spargelerbse","Blauetikett Bornträger",NA
"Lychnis viscaria","Pechnelke","Blauetikett Bornträger",NA
"Lysimachia thyrsiflora","Strauß-Gilbweiderich","Blauetikett Bornträger",NA
"Lythrum hyssopifolia","Ysopblättriger Weiderich","Blauetikett Bornträger",NA
"Malus sylvestris","Wildapfel,Holzapfel","Blauetikett Bornträger",NA
"Marrubium vulgare","Gewöhnlicher Andorn,Mäuseohr","Blauetikett Bornträger","https://www.blauetikett.de/samen-1/wildblumen/marrubium-vulgare-andorn.html"
"Matteuccia struthiopteris","Deutscher Straußenfarn","Blauetikett Bornträger",NA
"Melampyrum arvense","Acker-Wachtelweizen","Blauetikett Bornträger",NA
"Melica ciliata","Wimper-Perlgras","Blauetikett Bornträger",NA
"Melica transsilvanica","Siebenbürgisches Perlgras","Blauetikett Bornträger",NA
"Mentha pulegium","Polei-Minze","Blauetikett Bornträger","https://www.blauetikett.de/samen-1/wildblumen/mentha-pulegium-poleiminze.html"
"Menyanthes trifoliata","Fieberklee,Bitterklee","Blauetikett Bornträger",NA
"Mespilus germanica","Echte Mispel","Blauetikett Bornträger",NA
"Meum athamanticum","Bärwurz","Blauetikett Bornträger","https://www.blauetikett.de/samen-1/wildblumen/meum-athamanticum-b-rwurz.html"
"Misopates orontium","Acker-Löwenmaul","Blauetikett Bornträger",NA
"Moehringia muscosa","Moos-Nabelmiere","Blauetikett Bornträger",NA
"Muscari botryoides","Kleine Traubenhyazinthe,Straußhyazinthe","Blauetikett Bornträger",NA
"Muscari comosum","Schopfige Traubenhyazinthe","Blauetikett Bornträger",NA
"Muscari neglectum","Weinbergs-Träubel","Blauetikett Bornträger",NA
"Myosotis rehsteineri","Rehsteiners Vergissmeinnicht,Bodensee-Vergissmeinnicht","Blauetikett Bornträger",NA
"Myricaria germanica","Deutsche Tamariske,Rispelstrauch","Blauetikett Bornträger",NA
"Myriophyllum verticillatum","Quirliges Tausendblatt","Blauetikett Bornträger",NA
"Nepeta cataria","Katzenminze","Blauetikett Bornträger","https://www.blauetikett.de/samen-1/wildblumen/nepeta-cataria-katzenminze.html"
"Nigella arvensis","Acker-Schwarzkümmel","Blauetikett Bornträger",NA
"Nonea pulla","Braunes Mönchskraut,Dunkles Runzelnüsschen, Napfkraut","Blauetikett Bornträger",NA
"Nymphaea alba","Weiße Seerose,Wasserlilie","Blauetikett Bornträger",NA
"Nymphaea candida","Kleine Seerose","Blauetikett Bornträger",NA
"Nymphoides peltata","Europäische Seekanne,Teichenzian","Blauetikett Bornträger",NA
"Odontites luteus","Gelber Zahntrost","Blauetikett Bornträger",NA
"Oenanthe peucedanifolia","Haarstrangblättriger Wasserfenchel","Blauetikett Bornträger",NA
"Onobrychis montana","Berg-Esparsette","Blauetikett Bornträger",NA
"Ononis natrix","Gelbe Hauhechel","Blauetikett Bornträger",NA
"Onopordum acanthium","Gewöhnliche Eselsdistel","Blauetikett Bornträger",NA
"Orlaya grandiflora","Strahlen-Breitsame","Blauetikett Bornträger",NA
"Ornithogalum nutans","Nickender Milchstern,Nickende Vogelmilch","Blauetikett Bornträger",NA
"Ornithopus perpusillus","Kleiner Vogelfuß,Mäusewicke","Blauetikett Bornträger",NA
"Osmunda regalis","Königsfarn","Blauetikett Bornträger",NA
"Oxytropis pilosa","Steppen-Spitzkiel","Blauetikett Bornträger",NA
"Papaver argemone","Sand-Mohn","Blauetikett Bornträger",NA
"Papaver dubium","Saat-Mohn","Blauetikett Bornträger",NA
"Petrorhagia prolifera","Sprossende Felsennelke","Blauetikett Bornträger",NA
"Peucedanum alsaticum","Elsässer Haarstrang","Blauetikett Bornträger",NA
"Peucedanum carvifolia","Kümmel-Haarstrang,Kümmelblatt-Haarstrang","Blauetikett Bornträger",NA
"Peucedanum cervaria","Hirschwurz-Haarstrang","Blauetikett Bornträger",NA
"Peucedanum officinale","Echter Haarstrang","Blauetikett Bornträger",NA
"Peucedanum oreoselinum","Berg-Haarstrang","Blauetikett Bornträger",NA
"Peucedanum ostruthium","Meisterwurz","Blauetikett Bornträger","https://www.blauetikett.de/samen-1/wildblumen/peucedanum-ostruthium-meisterwurz.html"
"Peucedanum palustre","Sumpf-Haarstrang","Blauetikett Bornträger",NA
"Phleum phleoides","Steppen-Lieschgras","Blauetikett Bornträger",NA
"Phyteuma orbiculare","Kugelige Teufelskralle","Blauetikett Bornträger",NA
"Platanthera bifolia","Weiße Waldhyazinthe","Blauetikett Bornträger",NA
"Platanthera chlorantha","Grünliche Waldhyazinthe","Blauetikett Bornträger",NA
"Poa alpina","Alpen-Rispengras","Blauetikett Bornträger",NA
"Polemonium caeruleum","Blaue Himmelsleiter,Jakobsleiter","Blauetikett Bornträger",NA
"Polystichum braunii","Brauns Schildfarn","Blauetikett Bornträger",NA
"Populus nigra","Schwarz-Pappel,Saarbaum","Blauetikett Bornträger",NA
"Potentilla alba","Weißes Fingerkraut","Blauetikett Bornträger",NA
"Potentilla aurea","Gold-Fingerkraut","Blauetikett Bornträger",NA
"Potentilla incana","Sand-Fingerkraut","Blauetikett Bornträger",NA
"Potentilla palustris","Sumpfblutauge,Sumpf-Fingerkraut","Blauetikett Bornträger",NA
"Potentilla rupestris","Felsen-Fingerkraut","Blauetikett Bornträger",NA
"Primula auricula","Alpen-Aurikel","Blauetikett Bornträger",NA
"Primula hirsuta","Behaarte Primel","Blauetikett Bornträger",NA
"Primula vulgaris","Stängellose Schlüsselblume","Blauetikett Bornträger",NA
"Prunella grandiflora","Großblütige Braunelle","Blauetikett Bornträger",NA
"Pseudolysimachion longifolium","Langblättriger Ehrenpreis","Blauetikett Bornträger",NA
"Pulmonaria mollis","Weiches Lungenkraut","Blauetikett Bornträger",NA
"Pulsatilla vulgaris","Gewöhnliche Kuhschelle","Blauetikett Bornträger","https://www.blauetikett.de/samen-1/wildblumen/pulsatilla-vulgaris-kuechenschelle.html"
"Pulsatilla vulgaris","Gewöhnliche Kuhschelle","Blauetikett Bornträger","https://www.blauetikett.de/samen-1/wildblumen/pulsatilla-vulgaris-rote-glocke-kuechenschelle-samen.html"
"Pulsatilla vulgaris","Gewöhnliche Kuhschelle","Blauetikett Bornträger","https://www.blauetikett.de/samen-1/wildblumen/pulsatilla-vulgaris-kuechenschelle-6157.html"
"Pyrus pyraster","Wildbirne","Blauetikett Bornträger",NA
"Quercus pubescens","Flaum-Eiche","Blauetikett Bornträger",NA
"Ranunculus aquatilis","Gewöhnlicher Wasserhahnenfuß","Blauetikett Bornträger",NA
"Ranunculus arvensis","Acker-Hahnenfuß","Blauetikett Bornträger",NA
"Ranunculus lingua","Zungen-Hahnenfuß","Blauetikett Bornträger",NA
"Ranunculus montanus","Berg-Hahnenfuß","Blauetikett Bornträger",NA
"Rhamnus saxatilis","Felsen-Kreuzdorn","Blauetikett Bornträger",NA
"Rhodiola rosea","Rosenwurz","Blauetikett Bornträger",NA
"Rhododendron ferrugineum","Rostblättrige Alpenrose","Blauetikett Bornträger",NA
"Ribes petraeum","Felsen-Johannisbeere","Blauetikett Bornträger",NA
"Rosa agrestis","Ackerrose","Blauetikett Bornträger",NA
"Rosa elliptica","Keilblättrige Rose","Blauetikett Bornträger",NA
"Rosa gallica","Essigrose","Blauetikett Bornträger",NA
"Rosa glauca","Hechtrose,Rotblättrige Rose","Blauetikett Bornträger",NA
"Rosa jundzillii","Raublättrige Rose","Blauetikett Bornträger",NA
"Rosa majalis","Zimtrose","Blauetikett Bornträger",NA
"Rosa micrantha","Kleinblütige Rose","Blauetikett Bornträger",NA
"Rosa pendulina","Hängefrucht-Rose,Ackerheckenrose, Alpenheckenrose","Blauetikett Bornträger",NA
"Rosa stylosa","Griffel-Rose","Blauetikett Bornträger",NA
"Rosa tomentella","Flaumrose,Stumpfblättrige Rose","Blauetikett Bornträger",NA
"Rosa villosa","Apfelrose","Blauetikett Bornträger",NA
"Rubus chamaemorus","Moltebeere","Blauetikett Bornträger",NA
"Rumex aquaticus","Wasser-Ampfer","Blauetikett Bornträger",NA
"Rumex hydrolapathum","Fluß-Ampfer","Blauetikett Bornträger",NA
"Rumex maritimus","Strand-Ampfer,Ufer-Ampfer","Blauetikett Bornträger",NA
"Ruta graveolens","Wein-Raute","Blauetikett Bornträger","https://www.blauetikett.de/samen-1/wildblumen/weinraute-ruta-graveolens.html"
"Sagina nodosa","Knotiges Mastkraut","Blauetikett Bornträger",NA
"Salix daphnoides","Reif-Weide","Blauetikett Bornträger",NA
"Salix pentandra","Lorbeer-Weide","Blauetikett Bornträger",NA
"Salix starkeana","Bleiche Weide","Blauetikett Bornträger",NA
"Salvia nemorosa","Steppensalbei,Hain-Salbei","Blauetikett Bornträger",NA
"Saxifraga aizoides","Fetthennen-Steinbrech","Blauetikett Bornträger",NA
"Saxifraga granulata","Körnchen-Steinbrech","Blauetikett Bornträger","https://www.blauetikett.de/samen-1/wildblumen/saxifraga-granulata-kn-llchen-steinbrech.html"
"Saxifraga paniculata","Rispen-Steinbrech,Trauben-Steinbrech, Immergrüner Steinbrech","Blauetikett Bornträger",NA
"Scabiosa canescens","Duft-Skabiose","Blauetikett Bornträger",NA
"Scandix pecten-veneris","Venuskamm,Nadelkerbel","Blauetikett Bornträger",NA
"Schoenoplectus tabernaemontani","Salz-Teichbinse,Graue Seebinse","Blauetikett Bornträger",NA
"Schoenus nigricans","Schwarzes Kopfried,Kopfbinse","Blauetikett Bornträger",NA
"Scleranthus perennis","Ausdauernder Knäuel","Blauetikett Bornträger",NA
"Scorzonera austriaca","Österreichische Schwarzwurzel","Blauetikett Bornträger",NA
"Scorzonera hispanica","Garten-Schwarzwurzel,Spanische Schwarzwurzel","Blauetikett Bornträger",NA
"Scorzonera humilis","Niedrige Schwarzwurzel,Gartenschwarzwurzel","Blauetikett Bornträger",NA
"Scrophularia auriculata","Wasser-Braunwurz","Blauetikett Bornträger",NA
"Scutellaria minor","Kleines Helmkraut,Moorschildkraut","Blauetikett Bornträger",NA
"Sedum dasyphyllum","Buckel-Fetthenne","Blauetikett Bornträger",NA
"Selinum carvifolia","Kümmel-Silge,Kümmelblättrige Silge","Blauetikett Bornträger",NA
"Sempervivum tectorum","Dach-Hauswurz","Blauetikett Bornträger",NA
"Senecio paludosus","Sumpf-Greiskraut,Sumpf-Kreuzkraut, Jacobaea paludosa","Blauetikett Bornträger",NA
"Serratula tinctoria","Färber-Scharte","Blauetikett Bornträger",NA
"Seseli annuum","Steppenfenchel","Blauetikett Bornträger",NA
"Seseli hippomarathrum","Pferde-Sesel,Pferdedill","Blauetikett Bornträger",NA
"Seseli libanotis","Berg-Heilwurz","Blauetikett Bornträger",NA
"Silene otites","Ohrlöffel-Leimkraut","Blauetikett Bornträger",NA
"Sisymbrium orientale","Orientalische Rauke","Blauetikett Bornträger",NA
"Sium latifolium","Breitblättriger Merk","Blauetikett Bornträger",NA
"Sorbus chamaemespilus","Zwerg-Mehlbeere","Blauetikett Bornträger",NA
"Sorbus domestica","Speierling","Blauetikett Bornträger",NA
"Stachys germanica","Deutscher Ziest","Blauetikett Bornträger",NA
"Stipa calamagrostis","Silber-Raugras,Kamelhaargras","Blauetikett Bornträger",NA
"Stipa capillata","Haar-Pfriemengras,Büschel Haargras, Haarfedergras","Blauetikett Bornträger",NA
"Stipa pennata","Echtes Federgras,Flausch-Federgras","Blauetikett Bornträger",NA
"Stipa pulcherrima","Pracht-Federgras","Blauetikett Bornträger",NA
"Stratiotes aloides","Krebsschere","Blauetikett Bornträger",NA
"Taxus baccata","Europäische Eibe,Gemeine Eibe","Blauetikett Bornträger",NA
"Tephroseris helenitis","Spatelblättriges Aschenkraut","Blauetikett Bornträger",NA
"Teucrium botrys","Trauben-Gamander","Blauetikett Bornträger",NA
"Teucrium montanum","Berg-Gamander","Blauetikett Bornträger",NA
"Teucrium scordium","Knoblauch-Gamander,Lauch-Gamander","Blauetikett Bornträger",NA
"Thalictrum minus","Kleine Wiesenraute","Blauetikett Bornträger",NA
"Thelypteris palustris","Sumpffarn","Blauetikett Bornträger",NA
"Thesium bavarum","Bayerisches Vermeinkraut,Berg-Leinblatt, Bayrisches Leinblatt","Blauetikett Bornträger",NA
"Thymus serpyllum","Sand-Thymian,Feld-Thymian","Blauetikett Bornträger","https://www.blauetikett.de/samen-1/wildblumen/thymus-serpyllum-quendel.html"
"Trapa natans","Wassernuss","Blauetikett Bornträger",NA
"Trichophorum cespitosum","Rasen-Haarsimse","Blauetikett Bornträger",NA
"Trientalis europaea","Siebenstern","Blauetikett Bornträger",NA
"Trifolium alpestre","Hügel-Klee","Blauetikett Bornträger",NA
"Trifolium montanum","Berg-Klee","Blauetikett Bornträger",NA
"Trifolium rubens","Purpur-Klee,Fuchsschwanz-Klee","Blauetikett Bornträger",NA
"Trinia glauca","Blaugrüner Faserschirm,Scherbet, Kleiner Faserschirm","Blauetikett Bornträger",NA
"Trollius europaeus","Europäische Trollblume","Blauetikett Bornträger","https://www.blauetikett.de/samen-1/wildblumen/trollius-europaeus-trollblume.html"
"Tulipa sylvestris","Wilde Tulpe,Weinbergstulpe, Wald-Tulpe","Blauetikett Bornträger",NA
"Typha angustifolia","Schmalblättriger Rohrkolben","Blauetikett Bornträger",NA
"Typha minima","Zwerg-Rohrkolben","Blauetikett Bornträger",NA
"Typha shuttleworthii","Shuttleworths Rohrkolben,Grauer Rohrkolben","Blauetikett Bornträger",NA
"Ulmus laevis","Flatter-Ulme","Blauetikett Bornträger",NA
"Utricularia vulgaris","Gewöhnlicher Wasserschlauch","Blauetikett Bornträger",NA
"Vaccinium oxycoccos","Gewöhnliche Moosbeere,Kranbeere","Blauetikett Bornträger",NA
"Vaccinium uliginosum","Rauschbeere,Moor-Heidelbeere","Blauetikett Bornträger",NA
"Vaccinium vitis-idaea","Preiselbeere,Kronsbeere","Blauetikett Bornträger",NA
"Veronica austriaca","Österreichischer Ehrenpreis","Blauetikett Bornträger",NA
"Vicia cassubica","Kassuben-Wicke","Blauetikett Bornträger",NA
"Vicia pisiformis","Erbsen-Wicke","Blauetikett Bornträger",NA
"Viola elatior","Hohes Veilchen","Blauetikett Bornträger",NA
"Viola palustris","Sumpf-Veilchen","Blauetikett Bornträger",NA
"Viola rupestris","Sand-Veilchen","Blauetikett Bornträger",NA
"Woodsia ilvensis","Südlicher Wimperfarn,Rostrote Wimperfarn","Blauetikett Bornträger",NA
"Anarrhinum bellidifolium","Lochschlund","Blauetikett Bornträger",NA
"Cochlearia officinalis","Echtes Löffelkraut","Blauetikett Bornträger",NA
"Dracocephalum ruyschiana","Nordischer Drachenkopf,Schwedischer Drachenkopf","Blauetikett Bornträger",NA
"Epilobium dodonaei","Rosmarin-Weidenröschen","Blauetikett Bornträger",NA
"Euphorbia epithymoides","Vielfarbige Wolfsmilch,Bunt-Wolfsmilch","Blauetikett Bornträger",NA
"Hypericum elodes","Sumpf-Johanniskraut","Blauetikett Bornträger",NA
"Inula ensifolia","Schwert-Alant,Schmalblättriger Alant","Blauetikett Bornträger",NA
"Polystichum setiferum","Grannen-Schildfarn,Borstiger Schildfarn, Weicher Schildfarn","Blauetikett Bornträger",NA
"Primula x pubescens","Bastard-Aurikel","Blauetikett Bornträger",NA
"Sagina subulata","Sternmoos,Pfriemen-Mastkraut","Blauetikett Bornträger","https://www.blauetikett.de/samen-1/wildblumen/sagina-subulata-sternenmoos.html"
"Salix alpina","Alpenweide","Blauetikett Bornträger",NA
"Verbascum phoeniceum","Violette Königskerze,Purpur-Königskerze, Phönizische Königskerze","Blauetikett Bornträger","https://www.blauetikett.de/samen-1/wildblumen/verbascum-phoeniceum-violette-k-nigskerze.html"
"Adenophora liliifolia","Becherglocke,Lilienblättrige Becherglocke","Blauetikett Bornträger",NA
"Artemisia scoparia","Besen-Beifuß","Blauetikett Bornträger",NA
"Calamintha nepeta","Kleinblütige Bergminze,Steinquendel","Blauetikett Bornträger","https://www.blauetikett.de/samen-1/wildblumen/calamintha-nepeta-echte-bergminze.html"
"Lysimachia punctata","Punktierter Gilbweiderich","Blauetikett Bornträger",NA
"Pulsatilla patens","Finger-Kuhschelle","Blauetikett Bornträger",NA
"Ranunculus polyanthemos","Verschiedenschnabeliger Hain-Hahnenfuß","Blauetikett Bornträger",NA
"Rubus nemoralis","Hain-Brombeere","Blauetikett Bornträger",NA
"Salix myrtilloides","Heidelbeer-Weide,Sumpfweide, Moor-Weide","Blauetikett Bornträger",NA
"Saponaria ocymoides","Rotes Seifenkraut,Kriechendes Seifenkraut","Blauetikett Bornträger","https://www.blauetikett.de/samen-1/wildblumen/saponaria-ocymoides-polster-seifenkraut.html"
"Scorzonera purpurea","Rote Schwarzwurzel,Violette Schwarzwurzel","Blauetikett Bornträger",NA
"Tamus communis","Gemeine Schmerwurz","Blauetikett Bornträger",NA
"Triglochin maritimum","Strand-Dreizack,Salz-Dreizack, Röhrkohl","Blauetikett Bornträger",NA
"Adonis vernalis","Frühlings-Adonisröschen","Blauetikett Bornträger","https://www.blauetikett.de/samen-1/wildblumen/adonis-vernalis-sommeradonisroeschen.html"
"Astragalus alpinus","Alpen-Tragant","Blauetikett Bornträger",NA
"Barbarea stricta","Steife Winterkresse,Steifes Barbarakraut","Blauetikett Bornträger",NA
"Campanula latifolia","Breitblättrige Glockenblume","Blauetikett Bornträger",NA
"Chaerophyllum aromaticum","Gewürz-Kälberkropf","Blauetikett Bornträger",NA
"Doronicum pardalianches","Kriechende Gämswurz","Blauetikett Bornträger",NA
"Epilobium fleischeri","Fleischers Weidenröschen","Blauetikett Bornträger",NA
"Galanthus nivalis","Schneeglöckchen","Blauetikett Bornträger",NA
"Laser trilobum","Gewöhnlicher Rosskümmel","Blauetikett Bornträger",NA
"Leontopodium alpinum","Alpen-Edelweiß","Blauetikett Bornträger",NA
"Onobrychis arenaria","Sand-Esparsette","Blauetikett Bornträger",NA
"Potentilla anglica","Englisches Fingerkraut,Niederliegendes Fingerkraut","Blauetikett Bornträger",NA
"Pulmonaria angustifolia","Schmalblättriges Lungenkraut","Blauetikett Bornträger",NA
"Staphylea pinnata","Gemeine Pimpernuss","Blauetikett Bornträger",NA
"Acer monspessulanum","Französischer Ahorn,Burgenahorn","Blauetikett Bornträger",NA
"Alisma lanceolatum","Lanzettblättriger Froschlöffel","Blauetikett Bornträger",NA
"Anthemis austriaca","Österreichische Hundskamille","Blauetikett Bornträger",NA
"Asplenium scolopendrium","Hirschzungenfarn,Hirschzunge","Blauetikett Bornträger",NA
"Bolboschoenus maritimus","Gewöhnliche Strandsimse,Strandbinse","Blauetikett Bornträger",NA
"Brassica nigra","Schwarzer Senf","Blauetikett Bornträger",NA
"Butomus umbellatus","Schwanenblume,Wasserliesch, Blumenbinse","Blauetikett Bornträger",NA
"Callitriche palustris","Sumpf-Wasserstern,Frühlings-Wasserstern","Blauetikett Bornträger",NA
"Carex riparia","Ufer-Segge","Blauetikett Bornträger",NA
"Chamaecytisus ratisbonensis","Regensburger Zwergginster,Cytisus ratisbonensis","Blauetikett Bornträger",NA
"Chamaecytisus supinus","Kopf-Zwergginster","Blauetikett Bornträger",NA
"Clematis recta","Aufrechte Waldrebe","Blauetikett Bornträger",NA
"Cornus mas","Kornelkirsche","Blauetikett Bornträger",NA
"Corydalis solida","Gefingerter Lerchensporn","Blauetikett Bornträger",NA
"Cotoneaster integerrimus","Gewöhnliche Zwergmispel","Blauetikett Bornträger",NA
"Cyclamen purpurascens","Europäisches Alpenveilchen","Blauetikett Bornträger",NA
"Dipsacus pilosus","Behaarte Karde","Blauetikett Bornträger",NA
"Erica tetralix","Moor-Glockenheide","Blauetikett Bornträger",NA
"Fallopia dumetorum","Hecken-Flügelknöterich","Blauetikett Bornträger",NA
"Gentiana acaulis","Kiesel-Glocken-Enzian,Kochscher Enzian, Stängelloser Enzian","Blauetikett Bornträger",NA
"Geranium rotundifolium","Rundblättriger Storchschnabel","Blauetikett Bornträger",NA
"Helianthemum apenninum","Apenninen-Sonnenröschen","Blauetikett Bornträger",NA
"Helleborus foetidus","Palmblatt Nieswurz,Stinkende Nieswurz","Blauetikett Bornträger",NA
"Ilex aquifolium","Europäische Stechpalme","Blauetikett Bornträger",NA
"Isatis tinctoria","Färberwaid","Blauetikett Bornträger","https://www.blauetikett.de/samen-1/wildblumen/isatis-tinctoria-f-rberwaid.html"
"Kickxia spuria","Eiblättriges Tännelkraut,Eiblättriges Schlangenmaul, Eiblättriges Leinkraut","Blauetikett Bornträger",NA
"Lithospermum purpurocaeruleum","Blauroter Steinsame,Blaurote Rindszunge, Purpurblauer Steinsame","Blauetikett Bornträger",NA
"Lunaria rediviva","Ausdauerndes Silberblatt,Mehrjähriges Silberblatt, Wilde Mondviole","Blauetikett Bornträger",NA
"Luzula nivea","Schneeweiße Hainsimse,Schnee-Marbel","Blauetikett Bornträger",NA
"Malva moschata","Moschusmalve","Blauetikett Bornträger","https://www.blauetikett.de/samen-1/wildblumen/malva-moschata-moschus-malve.html"
"Melittis melissophyllum","Immenblatt","Blauetikett Bornträger","https://www.blauetikett.de/samen-1/wildblumen/melittis-melissophyllum-immenblatt-waldmelisse.html"
"Petrorhagia saxifraga","Steinbrechfelsennelke,Felsennelke","Blauetikett Bornträger","https://www.blauetikett.de/samen-1/wildblumen/petrorhagia-saxifraga-felsennelke.html"
"Petrorhagia saxifraga","Steinbrechfelsennelke,Felsennelke","Blauetikett Bornträger","https://www.blauetikett.de/samen-1/wildblumen/petrorhagia-saxifraga-felsennelke-4841.html"
"Physalis alkekengi","Lampionkirsche","Blauetikett Bornträger",NA
"Phyteuma nigrum","Schwarze Teufelskralle","Blauetikett Bornträger",NA
"Poa chaixii","Wald-Rispengras,Berg-Rispengras","Blauetikett Bornträger",NA
"Polypodium interjectum","Mittlerer Tüpfelfarn","Blauetikett Bornträger",NA
"Populus x canescens","Grau-Pappel","Blauetikett Bornträger",NA
"Populus alba","Silber-Pappel,Weiß-Pappel","Blauetikett Bornträger",NA
"Potamogeton lucens","Spiegelndes Laichkraut","Blauetikett Bornträger",NA
"Primula farinosa","Mehlprimel","Blauetikett Bornträger",NA
"Prunus mahaleb","Steinweichsel,Felsenkirsche, Weichselkirsche","Blauetikett Bornträger",NA
"Reseda luteola","Färber-Resede,Färber-Wau","Blauetikett Bornträger","https://www.blauetikett.de/samen-1/wildblumen/reseda-luteola-f-rberwau.html"
"Ribes nigrum","Schwarze Johannisbeere","Blauetikett Bornträger",NA
"Rosa sherardii","Samtrose","Blauetikett Bornträger",NA
"Rosa tomentosa","Filz-Rose","Blauetikett Bornträger",NA
"Salix rosmarinifolia","Rosmarin-Weide","Blauetikett Bornträger",NA
"Scilla bifolia","Zweiblättriger Blaustern","Blauetikett Bornträger",NA
"Senecio sarracenicus","Fluss-Greiskraut,Fluss-Kreuzkraut","Blauetikett Bornträger",NA
"Silene viscaria","Gewöhnliche Pechnelke","Blauetikett Bornträger",NA
"Sonchus palustris","Sumpf-Gänsedistel","Blauetikett Bornträger",NA
"Tetragonolobus maritimus","Spargelerbse,Spargelklee","Blauetikett Bornträger",NA
"Thalictrum lucidum","Glanz-Wiesenraute","Blauetikett Bornträger",NA
"Thlaspi montanum","Berg-Hellerkraut,Berg-Täschelkraut","Blauetikett Bornträger",NA
"Ulmus minor","Feld-Ulme","Blauetikett Bornträger",NA
"Valerianella carinata","Gekielter Feldsalat","Blauetikett Bornträger",NA
"Verbascum blattaria","Motten-Königskerze,Schaben-Königskerze, Schabenkraut","Blauetikett Bornträger",NA
"Verbascum phlomoides","Windblumen-Königskerze,Gewöhnlich-Königskerze, Windlicht-Königskerze","Blauetikett Bornträger",NA
"Vicia dumetorum","Hecken-Wicke","Blauetikett Bornträger",NA
"Mentha x rotundifolia","Apfel-Minze","Blauetikett Bornträger",NA
"Achillea macrophylla","Großblättrige Schafgarbe","Blauetikett Bornträger",NA
"Alchemilla alpina","Alpen-Frauenmantel,Alpen-Silbermantel, Bergfrauenmantel, Silberkraut, Silbermänteli","Blauetikett Bornträger",NA
"Astrantia bavarica","Bayerische Sterndolde","Blauetikett Bornträger",NA
"Bupleurum ranunculoides","Hahnenfuß-Hasenohr,Berg-Hasenohr","Blauetikett Bornträger",NA
"Cardamine alpina","Alpen-Schaumkraut","Blauetikett Bornträger",NA
"Horminum pyrenaicum","Drachenmaul","Blauetikett Bornträger",NA
"Juniperus sabina","Sadebaum,Stink-Wacholder","Blauetikett Bornträger",NA
"Linum alpinum","Alpen-Lein","Blauetikett Bornträger",NA
"Minuartia austriaca","Österreichische Miere","Blauetikett Bornträger",NA
"Oxyria digyna","Alpen-Säuerling,Säuerling","Blauetikett Bornträger",NA
"Phyteuma betonicifolium","Ziestblättrige Teufelskralle","Blauetikett Bornträger",NA
"Phyteuma ovatum","Hallers Teufelskralle,Eirunde Teufelskralle, Eikopf-Teufelskralle","Blauetikett Bornträger",NA
"Potentilla crantzii","Zottiges Fingerkraut,Bergfingerkraut","Blauetikett Bornträger",NA
"Primula clusiana","Clusius-Primel","Blauetikett Bornträger",NA
"Rumex longifolius","Nordischer Ampfer,Langblättrige Ampfer","Blauetikett Bornträger",NA
"Salix caesia","Hechtblaue Weide,Blaugrüne Weide","Blauetikett Bornträger",NA
"Salix hastata","Spieß-Weide","Blauetikett Bornträger",NA
"Salix herbacea","Kraut-Weide,Zwergweide","Blauetikett Bornträger",NA
"Salix reticulata","Netz-Weide","Blauetikett Bornträger",NA
"Senecio subalpinus","Berg-Greiskraut","Blauetikett Bornträger",NA
"Sibbaldia procumbens","Gelbling","Blauetikett Bornträger",NA
"Vaccinium macrocarpon","Großfrüchtige Moosbeere,Large Cranberry","Blauetikett Bornträger",NA
"Veronica fruticulosa","Halbstrauchehrenpreis,Strauchiger Ehrenpreis","Blauetikett Bornträger",NA
"Achillea ptarmica","Sumpf-Schafgarbe","Blauetikett Bornträger","https://www.blauetikett.de/samen-1/wildblumen/achillea-ptarmica-bertramsgarbe.html"
"Achillea salicifolia","Weidenblättrige Sumpf-Schafgarbe","Blauetikett Bornträger",NA
"Acinos arvensis","Steinquendel","Blauetikett Bornträger",NA
"Agrimonia procera","Großer Odermennig","Blauetikett Bornträger",NA
"Ajuga genevensis","Genfer Günsel","Blauetikett Bornträger",NA
"Ajuga reptans","Kriechender Günsel","Blauetikett Bornträger","https://www.blauetikett.de/samen-1/wildblumen/ajuga-reptans-kriechender-g-nsel.html"
"Alchemilla vulgaris","Gemeiner Frauenmantel,Alchemilla xanthochlora","Blauetikett Bornträger","https://www.blauetikett.de/samen-1/wildblumen/alchemilla-vulgaris-frauenmantel.html"
"Allium lusitanicum","Berg-Lauch","Blauetikett Bornträger",NA
"Ammophila arenaria","Gewöhnlicher Strandhafer","Blauetikett Bornträger",NA
"Anemone nemorosa","Busch-Windröschen","Blauetikett Bornträger","https://www.blauetikett.de/samen-1/wildblumen/anemone-nemorosa-buschwindr-schen.html"
"Anemone ranunculoides","Gelbes Windröschen","Blauetikett Bornträger",NA
"Angelica palustris","Sumpf-Engelwurz","Blauetikett Bornträger",NA
"Angelica sylvestris","Wald-Engelwurz,Wilde Engelswurz","Blauetikett Bornträger",NA
"Anthyllis vulneraria","Gewöhnlicher Wundklee","Blauetikett Bornträger","https://www.blauetikett.de/samen-1/wildblumen/anthyllis-vulneraria-wundklee.html"
"Arabis hirsuta","Behaarte Gänsekresse,Rauhaarige Gänsekresse","Blauetikett Bornträger",NA
"Artemisia austriaca","Österreich-Wermut,Österreichischer Beifuß","Blauetikett Bornträger",NA
"Arum maculatum","Gefleckter Aronstab","Blauetikett Bornträger","https://www.blauetikett.de/samen-1/wildblumen/arum-maculatum-aronstab.html"
"Asarum europaeum","Heimische Haselwurz,Gewöhnliche Haselwurz","Blauetikett Bornträger",NA
"Asclepias syriaca","Gewöhnliche Seidenpflanze","Blauetikett Bornträger",NA
"Asperula cynanchica","Hügel-Meier","Blauetikett Bornträger",NA
"Asplenium ruta-muraria","Mauer-Streifenfarn,Mauerraute","Blauetikett Bornträger",NA
"Asplenium trichomanes","Braunstieliger Streifenfarn","Blauetikett Bornträger",NA
"Baldellia ranunculoides","Igelschlauch","Blauetikett Bornträger",NA
"Barbarea vulgaris","Winterkresse,Barbarkraut","Blauetikett Bornträger",NA
"Berula erecta","Berle,Kleiner Merk, Schmalblättriger Merk","Blauetikett Bornträger",NA
"Betula pubescens","Moor-Birke","Blauetikett Bornträger",NA
"Bidens tripartita","Dreiteiliger Zweizahn","Blauetikett Bornträger",NA
"Bistorta officinalis","Schlangen-Wiesenknöterich","Blauetikett Bornträger",NA
"Blechnum spicant","Rippenfarn,Waldrippenfarn","Blauetikett Bornträger",NA
"Brachypodium pinnatum","Fieder-Zwenke","Blauetikett Bornträger",NA
"Briza media","Gewöhnliches Zittergras","Blauetikett Bornträger","https://www.blauetikett.de/samen-1/wildblumen/briza-media-zittergras.html"
"Calluna vulgaris","Besenheide,Heidekraut","Blauetikett Bornträger",NA
"Caltha palustris","Sumpf-Dotterblume","Blauetikett Bornträger","https://www.blauetikett.de/samen-1/wildblumen/caltha-palustris-sumpfdotterblume.html"
"Campanula patula","Wiesen-Glockenblume","Blauetikett Bornträger","https://www.blauetikett.de/samen-1/wildblumen/campanula-patula-wiesenglockenblume.html"
"Campanula persicifolia","Pfirsichblättrige Glockenblume","Blauetikett Bornträger","https://www.blauetikett.de/samen-1/wildblumen/campanula-persicifolia-pfirsichblatt-glockenblume.html"
"Campanula trachelium","Nesselblättrige Glockenblume","Blauetikett Bornträger","https://www.blauetikett.de/samen-1/wildblumen/campanula-trachelium-nesselblatt-glockenblume.html"
"Cardamine amara","Kressen-Schaumkraut","Blauetikett Bornträger",NA
"Cardamine pratensis","Wiesen-Schaumkraut","Blauetikett Bornträger",NA
"Carduus nutans","Nickende Distel","Blauetikett Bornträger","https://www.blauetikett.de/samen-1/wildblumen/carduus-nutans-nickende-kratzdistel.html"
"Carex brizoides","Zittergras-Segge","Blauetikett Bornträger",NA
"Carex caryophyllea","Frühlings-Segge","Blauetikett Bornträger",NA
"Carex digitata","Finger-Segge","Blauetikett Bornträger",NA
"Carex elata","Steife Segge","Blauetikett Bornträger",NA
"Carex flacca","Blaugrüne Segge","Blauetikett Bornträger",NA
"Carex montana","Berg-Segge","Blauetikett Bornträger",NA
"Carex panicea","Hirse-Segge","Blauetikett Bornträger",NA
"Carex paniculata","Rispen-Segge","Blauetikett Bornträger",NA
"Carex pendula","Hänge-Segge,Riesen-Segge, Große Segge, Hängende Segge","Blauetikett Bornträger",NA
"Carex remota","Winkel-Segge","Blauetikett Bornträger",NA
"Carex rostrata","Schnabel-Segge","Blauetikett Bornträger",NA
"Carex sylvatica","Wald-Segge","Blauetikett Bornträger",NA
"Carlina vulgaris","Golddistel","Blauetikett Bornträger","https://www.blauetikett.de/samen-1/wildblumen/carlina-vulgaris-golddistel.html"
"Carum carvi","Echter Kümmel","Blauetikett Bornträger","https://www.blauetikett.de/samen-1/wildblumen/kuemmel.html"
"Centaurea cyanus","Kornblume","Blauetikett Bornträger","https://www.blauetikett.de/samen-1/wildblumen/centaurea-cyanus-kornblume.html"
"Centaurea jacea","Wiesen-Flockenblume","Blauetikett Bornträger","https://www.blauetikett.de/samen-1/wildblumen/centaurea-jacea-wiesenflockenblume.html"
"Centaurea nigrescens","Schwärzliche Flockenblume","Blauetikett Bornträger",NA
"Centaurea scabiosa","Skabiosen-Flockenblume","Blauetikett Bornträger","https://www.blauetikett.de/samen-1/wildblumen/centaurea-scabiosa-skabiosen-flockenblume-4744.html"
"Centaurea scabiosa","Skabiosen-Flockenblume","Blauetikett Bornträger","https://www.blauetikett.de/samen-1/wildblumen/centaurea-scabiosa-skabiosen-flockenblume.html"
"Centaurium erythraea","Echtes Tausendgüldenkraut","Blauetikett Bornträger","https://www.blauetikett.de/samen-1/wildblumen/centaurium-erythraea-tausendg-ldenkraut.html"
"Ceratophyllum demersum","Raues Hornblatt,Gemeines Hornblatt","Blauetikett Bornträger",NA
"Chaerophyllum bulbosum","Knolliger Kälberkropf","Blauetikett Bornträger","https://www.blauetikett.de/samen-1/wildblumen/kerbelruebe-chaerophyllum-bulbosum.html"
"Chrysosplenium alternifolium","Wechselblättriges Milzkraut,Gold-Milzkraut","Blauetikett Bornträger",NA
"Circaea lutetiana","Großes Hexenkraut,Gewöhnliches Hexenkraut","Blauetikett Bornträger","https://www.blauetikett.de/samen-1/wildblumen/circaea-lutetiana-gew-hnliches-hexenkraut.html"
"Cirsium acaulon","Stängellose Kratzdistel","Blauetikett Bornträger",NA
"Cirsium canum","Graue Kratzdistel","Blauetikett Bornträger",NA
"Cirsium oleraceum","Kohldistel","Blauetikett Bornträger",NA
"Clinopodium vulgare","Gemeiner Wirbeldost","Blauetikett Bornträger",NA
"Colchicum autumnale","Herbstzeitlose","Blauetikett Bornträger",NA
"Comarum palustre","Sumpf-Blutauge","Blauetikett Bornträger",NA
"Crataegus laevigata","Zweigriffeliger Weißdorn","Blauetikett Bornträger",NA
"Crataegus macrocarpa","Großfrüchtiger Weißdorn","Blauetikett Bornträger",NA
"Crepis biennis","Wiesen-Pippau","Blauetikett Bornträger","https://www.blauetikett.de/samen-1/wildblumen/crepis-biennis-wiesenpippau.html"
"Crepis paludosa","Sumpf-Pippau","Blauetikett Bornträger",NA
"Cruciata laevipes","Gewimpertes Kreuzlabkraut","Blauetikett Bornträger",NA
"Cynosurus cristatus","Weide-Kammgras","Blauetikett Bornträger",NA
"Cystopteris fragilis","Zerbrechlicher Blasenfarn,Gewöhnlicher Blasenfarn","Blauetikett Bornträger",NA
"Dactylis polygama","Wald-Knaulgras","Blauetikett Bornträger",NA
"Danthonia decumbens","Dreizahn","Blauetikett Bornträger",NA
"Elymus caninus","Hunds-Quecke","Blauetikett Bornträger",NA
"Equisetum fluviatile","Teich-Schachtelhalm","Blauetikett Bornträger",NA
"Equisetum hyemale","Winter-Schachtelhalm","Blauetikett Bornträger",NA
"Equisetum palustre","Sumpf-Schachtelhalm","Blauetikett Bornträger",NA
"Euphrasia stricta","Steifer Augentrost","Blauetikett Bornträger",NA
"Fragaria viridis","Knack-Erdbeere,Hügel-Erdbeere","Blauetikett Bornträger",NA
"Gagea lutea","Wald-Gelbstern,Gewöhnlicher Gelbstern, Wald-Goldstern","Blauetikett Bornträger",NA
"Galeobdolon luteum","Echte Goldnessel,Gold-Taubnessel","Blauetikett Bornträger",NA
"Galeopsis angustifolia","Schmalblättriger Hohlzahn","Blauetikett Bornträger",NA
"Galeopsis speciosa","Bunter Hohlzahn","Blauetikett Bornträger",NA
"Galium odoratum","Waldmeister,Wohlriechendes Labkraut","Blauetikett Bornträger","https://www.blauetikett.de/samen-1/wildblumen/waldmeister-galium-odoratum.html"
"Galium palustre","Sumpf-Labkraut","Blauetikett Bornträger",NA
"Galium saxatile","Harzer Labkraut","Blauetikett Bornträger",NA
"Galium sylvaticum","Wald-Labkraut","Blauetikett Bornträger",NA
"Galium uliginosum","Moor-Labkraut","Blauetikett Bornträger",NA
"Genista tinctoria","Färber-Ginster","Blauetikett Bornträger","https://www.blauetikett.de/samen-1/wildblumen/genista-tinctoria-faerberginster.html"
"Geranium dissectum","Schlitzblättriger Storchschnabel","Blauetikett Bornträger",NA
"Geranium palustre","Sumpf-Storchschnabel","Blauetikett Bornträger",NA
"Geranium sanguineum","Blut-Storchschnabel,Blutroter Storchschnabel","Blauetikett Bornträger","https://www.blauetikett.de/samen-1/wildblumen/geranium-sanguineum-blutstorchschnabel.html"
"Geum rivale","Bach-Nelkenwurz","Blauetikett Bornträger","https://www.blauetikett.de/samen-1/wildblumen/geum-rivale-bachnelkenwurz.html"
"Glyceria notata","Falt-Schwaden,Gefalteter Schwaden","Blauetikett Bornträger",NA
"Gymnocarpium dryopteris","Eichenfarn","Blauetikett Bornträger",NA
"Gypsophila fastigiata","Ebensträußiges Gipskraut","Blauetikett Bornträger",NA
"Helictotrichon pubescens","Flaumiger Wiesenhafer","Blauetikett Bornträger",NA
"Hepatica nobilis","Leberblümchen","Blauetikett Bornträger",NA
"Hieracium levicaule","Dünnstängliges Habichtskraut","Blauetikett Bornträger",NA
"Hieracium murorum","Wald-Habichtskraut","Blauetikett Bornträger",NA
"Hieracium piloselloides","Florentiner Habichtskraut","Blauetikett Bornträger",NA
"Hordelymus europaeus","Waldgerste","Blauetikett Bornträger",NA
"Hypericum maculatum","Geflecktes Johanniskraut","Blauetikett Bornträger",NA
"Hypericum montanum","Berg-Johanniskraut","Blauetikett Bornträger",NA
"Hypericum tetrapterum","Flügel-Hartheu","Blauetikett Bornträger",NA
"Impatiens noli-tangere","Großes Springkraut","Blauetikett Bornträger",NA
"Inula helenium","Echter Alant","Blauetikett Bornträger","https://www.blauetikett.de/samen-1/wildblumen/inula-helenium-alant-samen.html"
"Inula salicina","Weidenblättriger Alant","Blauetikett Bornträger",NA
"Juncus conglomeratus","Knäuel-Binse","Blauetikett Bornträger",NA
"Juncus inflexus","Blaugrüne Binse","Blauetikett Bornträger",NA
"Juniperus communis","Gewöhnlicher Wacholder,Gemeiner Wacholder","Blauetikett Bornträger",NA
"Lamium maculatum","Gefleckte Taubnessel","Blauetikett Bornträger",NA
"Lathyrus linifolius","Berg-Platterbse","Blauetikett Bornträger",NA
"Lathyrus niger","Schwarze Platterbse","Blauetikett Bornträger",NA
"Lathyrus sylvestris","Wilde Platterbse,Wald-Platterbse","Blauetikett Bornträger",NA
"Lathyrus tuberosus","Knollen-Platterbse","Blauetikett Bornträger",NA
"Lathyrus vernus","Frühlings-Platterbse","Blauetikett Bornträger",NA
"Leucanthemum ircutianum","Fettwiesen-Margerite","Blauetikett Bornträger",NA
"Leymus arenarius","Strandroggen,Blauer Helm","Blauetikett Bornträger",NA
"Listera ovata","Großes Zweiblatt","Blauetikett Bornträger",NA
"Lonicera periclymenum","Deutsches Geißblatt,Waldgeißblatt","Blauetikett Bornträger",NA
"Lotus pedunculatus","Sumpf-Hornklee","Blauetikett Bornträger",NA
"Luzula luzuloides","Weißliche Hainsimse","Blauetikett Bornträger",NA
"Lychnis flos-cuculi","Kuckucks-Lichtnelke,Silene flos-cuculi","Blauetikett Bornträger",NA
"Lysimachia nemorum","Hain-Gilbweiderich","Blauetikett Bornträger",NA
"Malva alcea","Rosen-Malve,Sigmarskraut, Spitzblatt-Malve","Blauetikett Bornträger","https://www.blauetikett.de/samen-1/wildblumen/malva-alcea-rosenpappel.html"
"Melampyrum nemorosum","Hain-Wachtelweizen","Blauetikett Bornträger",NA
"Melica nutans","Nickendes Perlgras","Blauetikett Bornträger",NA
"Mentha longifolia","Ross-Minze,Langblättrige Minze","Blauetikett Bornträger",NA
"Mercurialis perennis","Ausdauerndes Bingelkraut","Blauetikett Bornträger",NA
"Milium effusum","Wald-Flattergras,Waldhirse","Blauetikett Bornträger",NA
"Myrrhis odorata","Süßdolde,Myrrhenkerbel","Blauetikett Bornträger","https://www.blauetikett.de/samen-1/wildblumen/myrrhis-odorata-s-dolde.html"
"Nardus stricta","Borstgras,Hirschhaar, Bürstling, Fachs, Narde","Blauetikett Bornträger",NA
"Nasturtium officinale","Gewöhnliche Brunnenkresse,Echte Brunnenkresse","Blauetikett Bornträger",NA
"Noccaea caerulescens","Gebirgs-Täschelkraut,Gebirgs-Hellerkraut","Blauetikett Bornträger",NA
"Odontites vulgaris","Roter Zahntrost","Blauetikett Bornträger",NA
"Ononis repens","Kriechende Hauhechel","Blauetikett Bornträger",NA
"Ononis spinosa","Dornige Hauhechel","Blauetikett Bornträger","https://www.blauetikett.de/samen-1/wildblumen/ononis-spinosa-dornige-hauhechel.html"
"Ononis spinosa","Dornige Hauhechel","Blauetikett Bornträger","https://www.blauetikett.de/samen-1/wildblumen/ononis-spinosa-dorniger-hauhechel.html"
"Origanum vulgare","Oregano,Echter Dost, Wilder Majoran","Blauetikett Bornträger","https://www.blauetikett.de/samen-1/wildblumen/origanum-vulgare-wilder-majoran.html"
"Parietaria judaica","Ausgebreitetes Glaskraut,Mauer-Glaskraut","Blauetikett Bornträger",NA
"Paris quadrifolia","Vierblättrige Einbeere","Blauetikett Bornträger",NA
"Petasites hybridus","Gewöhnliche Pestwurz","Blauetikett Bornträger",NA
"Petasites spurius","Filzige Pestwurz","Blauetikett Bornträger",NA
"Phegopteris connectilis","Buchenfarn","Blauetikett Bornträger",NA
"Pimpinella major","Große Pimpinelle","Blauetikett Bornträger","https://www.blauetikett.de/samen-1/wildblumen/pimpinella-major-gro-e-bibernelle.html"
"Pimpinella nigra","Schwarze Pimpinelle","Blauetikett Bornträger",NA
"Pimpinella saxifraga","Kleine Pimpinelle,Steinbrechwurz, Steinpetersilie","Blauetikett Bornträger","https://www.blauetikett.de/samen-1/wildblumen/pimpinella-saxifraga-kleine-bibernelle.html"
"Polygala comosa","Schopf-Kreuzblümchen","Blauetikett Bornträger",NA
"Polygala vulgaris","Gewöhnliches Kreuzblümchen","Blauetikett Bornträger",NA
"Polygonatum multiflorum","Vielblütige Weißwurz,Vielblütiges Salomonssiegel","Blauetikett Bornträger",NA
"Polygonatum odoratum","Echtes Salomonssiegel,Wohlriechende Weißwurz","Blauetikett Bornträger",NA
"Polypodium vulgare","Gemeiner Tüpfelfarn","Blauetikett Bornträger",NA
"Polystichum aculeatum","Gelappter Schildfarn,Stacheliger Schildfarn, Glanz-Schildfarn","Blauetikett Bornträger",NA
"Potamogeton crispus","Krauses Laichkraut","Blauetikett Bornträger",NA
"Potamogeton natans","Schwimmendes Laichkraut","Blauetikett Bornträger",NA
"Potentilla erecta","Blutwurz","Blauetikett Bornträger",NA
"Potentilla neumanniana","Frühlings-Fingerkraut,Potentilla verna","Blauetikett Bornträger",NA
"Primula veris","Wiesen-Schlüsselblume,Wald-Schlüsselblume","Blauetikett Bornträger","https://www.blauetikett.de/samen-1/wildblumen/wiesenschl-sselblume-primula-veris.html"
"Primula veris","Wiesen-Schlüsselblume,Wald-Schlüsselblume","Blauetikett Bornträger","https://www.blauetikett.de/samen-1/wildblumen/primula-veris-schluesselblume.html"
"Pulicaria dysenterica","Großes Flohkraut","Blauetikett Bornträger",NA
"Pulmonaria obscura","Dunkles Lungenkraut","Blauetikett Bornträger",NA
"Ranunculus bulbosus","Knolliger Hahnenfuß","Blauetikett Bornträger",NA
"Ranunculus flammula","Brennender Hahnenfuß","Blauetikett Bornträger",NA
"Rhinanthus minor","Kleiner Klappertopf","Blauetikett Bornträger",NA
"Rhinanthus serotinus","Großer Klappertopf","Blauetikett Bornträger",NA
"Rhododendron tomentosum","Sumpf-Porst","Blauetikett Bornträger",NA
"Rosa dumalis","Vogesen-Rose,Schuttrose, Blaugrüne Rose, Graugrüne Rose","Blauetikett Bornträger",NA
"Rosa rubiginosa","Wein-Rose,Schottische Zaunrose","Blauetikett Bornträger",NA
"Rubus parviflorus","Weiße Zimthimbeere","Blauetikett Bornträger",NA
"Rubus saxatilis","Steinbeere","Blauetikett Bornträger",NA
"Rumex acetosa","Wiesen-Sauerampfer,Großer Sauerampfer","Blauetikett Bornträger","https://www.blauetikett.de/samen-1/wildblumen/gro-er-sauerampfer-rumex-acetosa.html"
"Rumex conglomeratus","Knäuel-Ampfer,Streifwurtz, Knäuelblütiger Ampfer","Blauetikett Bornträger",NA
"Rumex sanguineus","Blut-Ampfer,Hain-Ampfer","Blauetikett Bornträger",NA
"Sagittaria sagittifolia","Gewöhnliches Pfeilkraut,Pfeilblatt","Blauetikett Bornträger",NA
"Salix aurita","Ohr-Weide,Öhrchen-Weide. Salbei-Weide","Blauetikett Bornträger",NA
"Salix fragilis","Bruch-Weide","Blauetikett Bornträger",NA
"Salvia pratensis","Wiesensalbei","Blauetikett Bornträger","https://www.blauetikett.de/samen-1/wildblumen/salvia-pratensis-wiesensalbei.html"
"Sanguisorba officinalis","Großer Wiesenknopf,Echter Wiesenknopf","Blauetikett Bornträger","https://www.blauetikett.de/samen-1/wildblumen/grosser-wiesenknopf-sanguisorba-officinalis.html"
"Sanguisorba officinalis","Großer Wiesenknopf,Echter Wiesenknopf","Blauetikett Bornträger","https://www.blauetikett.de/samen-1/wildblumen/sanguisorba-officinalis-gro-er-wiesenknopf.html"
"Sanicula europaea","Wald-Sanikel","Blauetikett Bornträger","https://www.blauetikett.de/samen-1/wildblumen/sanicula-europaea-sanikel.html"
"Scabiosa columbaria","Tauben-Skabiose","Blauetikett Bornträger","https://www.blauetikett.de/samen-1/wildblumen/scabiosa-columbaria-tauben-scabiose.html"
"Schoenoplectus lacustris","Gewöhnliche Teichbinse,Grüne Teichbins","Blauetikett Bornträger",NA
"Scirpus sylvaticus","Wald-Simse","Blauetikett Bornträger",NA
"Scrophularia umbrosa","Flügel-Braunwurz,Geflügelte Braunwurz","Blauetikett Bornträger",NA
"Scrophularia vernalis","Frühlings-Braunwurz","Blauetikett Bornträger",NA
"Sedum rupestre","Felsen-Fetthenne,Tripmadam","Blauetikett Bornträger",NA
"Selinum dubium","Brenndolden-Silge,Gewöhnliche Brenndolde","Blauetikett Bornträger",NA
"Senecio aquaticus","Wasser-Greiskraut,Wasser-Kreuzkraut","Blauetikett Bornträger",NA
"Senecio ovatus","Fuchssches Greiskraut,Fuchskreuzkraut","Blauetikett Bornträger",NA
"Sherardia arvensis","Ackerröte","Blauetikett Bornträger",NA
"Silaum silaus","Wiesen-Silau,Silau, Gewöhnliche Wiesensilge","Blauetikett Bornträger",NA
"Silene noctiflora","Acker-Lichtnelke","Blauetikett Bornträger",NA
"Silene nutans","Nickendes Leimkraut","Blauetikett Bornträger",NA
"Solidago virgaurea","Gewöhnliche Goldrute","Blauetikett Bornträger","https://www.blauetikett.de/samen-1/wildblumen/solidago-virgaurea-echte-goldrute.html"
"Sparganium emersum","Einfacher Igelkolben","Blauetikett Bornträger",NA
"Stachys recta","Aufrechter Ziest","Blauetikett Bornträger",NA
"Stachys sylvatica","Wald-Ziest","Blauetikett Bornträger",NA
"Stellaria alsine","Quell-Sternmiere,Bach-Sternmiere","Blauetikett Bornträger",NA
"Stellaria holostea","Große Sternmiere","Blauetikett Bornträger","https://www.blauetikett.de/samen-1/wildblumen/stellaria-holostea-sternmiere.html"
"Stellaria nemorum","Hain-Sternmiere,Wald-Sternmiere","Blauetikett Bornträger",NA
"Succisa pratensis","Teufelsabbiss","Blauetikett Bornträger",NA
"Teucrium scorodonia","Salbei-Gamander,Wald-Gamander","Blauetikett Bornträger","https://www.blauetikett.de/samen-1/wildblumen/teucrium-scorodonia-salbei-gamander.html"
"Thalictrum flavum","Gelbe Wiesenraute","Blauetikett Bornträger","https://www.blauetikett.de/samen-1/wildblumen/thalictrum-flavum-gelbe-wiesenraute.html"
"Turritis glabra","Turmkraut,Turmkresse, Kahle Gänsekresse","Blauetikett Bornträger",NA
"Valeriana dioica","Kleiner Baldrian","Blauetikett Bornträger",NA
"Valeriana officinalis","Echter Baldrian","Blauetikett Bornträger",NA
"Valerianella locusta","Feldsalat","Blauetikett Bornträger",NA
"Verbena officinalis","Echtes Eisenkraut,Taubenkraut, Katzenblutkraut, Sagenkraut, Verbene, Wunschkraut","Blauetikett Bornträger","https://www.blauetikett.de/samen-1/wildblumen/verbena-officinalis-eisenkraut.html"
"Veronica beccabunga","Bachbunge","Blauetikett Bornträger","https://www.blauetikett.de/samen-1/wildblumen/bach-ehrenpreis-veronica-beccabunga.html"
"Veronica beccabunga","Bachbunge","Blauetikett Bornträger","https://www.blauetikett.de/samen-1/wildblumen/veronica-beccabunga-bachbunge.html"
"Veronica beccabunga","Bachbunge","Blauetikett Bornträger","https://www.blauetikett.de/samen-1/wildblumen/veronica-beccabunga-bachbunge-6164.html"
"Veronica prostrata","Niederliegender Ehrenpreis","Blauetikett Bornträger",NA
"Veronica spicata","Ähriger Ehrenpreis,Pseudolysimachion spicatum","Blauetikett Bornträger","https://www.blauetikett.de/samen-1/wildblumen/veronica-spicata-aehriger-ehrenpreis.html"
"Veronica teucrium","Großer Ehrenpreis,Aufrechter Ehrenpreis","Blauetikett Bornträger","https://www.blauetikett.de/samen-1/wildblumen/veronica-teucrium-gro-er-ehrenpreis.html"
"Vicia tenuifolia","Feinblättrige Wicke","Blauetikett Bornträger",NA
"Vincetoxicum hirundinaria","Weiße Schwalbenwurz","Blauetikett Bornträger",NA
"Viola canina","Hunds-Veilchen","Blauetikett Bornträger",NA
"Viola hirta","Behaartes Veilchen,Raues Veilchen","Blauetikett Bornträger",NA
"Viola reichenbachiana","Wald-Veilchen","Blauetikett Bornträger",NA
"Biscutella laevigata","Glatt-Brillenschötchen","Blauetikett Bornträger",NA
"Chaerophyllum hirsutum","Behaarter Kälberkropf","Blauetikett Bornträger",NA
"Daphne mezereum","Echter Seidelbast","Blauetikett Bornträger",NA
"Glebionis segetum","Saat-Wucherblume","Blauetikett Bornträger",NA
"Hypericum hirsutum","Behaartes Johanniskraut,Rauhaariges Hartheu","Blauetikett Bornträger",NA
"Laserpitium latifolium","Breitblättriges Laserkraut","Blauetikett Bornträger",NA
"Sesleria caerulea","Halden-Blaugras,Gewöhnliches Blaugras, Moor-Kopfgras","Blauetikett Bornträger",NA
"Abies alba","Weiß-Tanne,Edel-Tanne, Silber-Tanne","Blauetikett Bornträger",NA
"Alchemilla xanthochlora","Gelbgrüner Frauenmantel","Blauetikett Bornträger",NA
"Alyssum montanum","Berg-Steinkraut,Steinkresse, Steinrich","Blauetikett Bornträger",NA
"Astrantia major","Große Sterndolde","Blauetikett Bornträger","https://www.blauetikett.de/samen-1/wildblumen/astrantia-major-sterndolde.html"
"Carex obtusata","Stumpfe Segge","Blauetikett Bornträger",NA
"Cerinthe minor","Kleine Wachsblume","Blauetikett Bornträger",NA
"Chaerophyllum aureum","Gold-Kälberkropf","Blauetikett Bornträger",NA
"Dianthus arenarius","Sand-Nelke","Blauetikett Bornträger",NA
"Eryngium planum","Flachblatt-Mannstreu,Kleiner Mannstreu","Blauetikett Bornträger",NA
"Genista anglica","Englischer Ginster","Blauetikett Bornträger",NA
"Geranium sylvaticum","Wald-Storchschnabel","Blauetikett Bornträger",NA
"Myrica gale","Moor-Gagel,Gagelstrauch","Blauetikett Bornträger",NA
"Ononis arvensis","Bocks-Hauhechel","Blauetikett Bornträger",NA
"Primula elatior","Hohe Schlüsselblume,Wald-Schlüsselblume","Blauetikett Bornträger",NA
"Pulsatilla pratensis","Wiesen-Kuhschelle,Schwarz-Küchenschelle","Blauetikett Bornträger",NA
"Campanula bononiensis","Bologneser Glockenblume","Blauetikett Bornträger",NA
"Campanula rapunculus","Rapunzel-Glockenblume","Blauetikett Bornträger","https://www.blauetikett.de/samen-1/wildblumen/rapunzel-glockenblume-campanula-rapunculus.html"
"Cephalanthera damasonium","Bleiches Waldvöglein","Blauetikett Bornträger",NA
"Lilium martagon","Türkenbundlilie","Blauetikett Bornträger",NA
"Phyteuma spicatum","Weiße Teufelskralle","Blauetikett Bornträger",NA
"Picea abies","Gewöhnliche Fichte,Rotfichte, Rottanne","Blauetikett Bornträger",NA
"Prunus avium","Vogelkirsche,Süßkirsche","Blauetikett Bornträger",NA
"Scabiosa ochroleuca","Gelbe Skabiose,Gelbblühendes Krätzkraut","Blauetikett Bornträger",NA
"Senecio erucifolius","Raukenblättriges Greiskraut,Raukenblättrige Greiskraut","Blauetikett Bornträger",NA
"Sorbus torminalis","Elsbeere,Atlasbeere, Elzeberere","Blauetikett Bornträger",NA
"Tanacetum corymbosum","Straußblütige Wucherblume,Straußblütige Margerite","Blauetikett Bornträger",NA
"Campanula sibirica","Steppen-Glockenblume","Blauetikett Bornträger",NA
"Corydalis pumila","Zwerg-Lerchensporn","Blauetikett Bornträger",NA
"Geranium pratense","Wiesen-Storchschnabel","Blauetikett Bornträger","https://www.blauetikett.de/samen-1/wildblumen/wiesenstorchschnabel-geranium-pratense.html"
"Geranium pratense","Wiesen-Storchschnabel","Blauetikett Bornträger","https://www.blauetikett.de/samen-1/wildblumen/wiesenstochschnabel-geranium-pratense.html"
"Geranium pratense","Wiesen-Storchschnabel","Blauetikett Bornträger","https://www.blauetikett.de/samen-1/wildblumen/geranium-pratense-wiesenstorchschnabel.html"
"Inula conyzae","Dürrwurz-Alant","Blauetikett Bornträger",NA
"Leonurus cardiaca","Echtes Herzgespann,Löwenschweif","Blauetikett Bornträger","https://www.blauetikett.de/samen-1/wildblumen/leonurus-cardiaca-herzgespann.html"
"Medicago falcata","Sichelklee","Blauetikett Bornträger",NA
"Onobrychis viciifolia","Saat-Esparsette,Wilde Esparsette","Blauetikett Bornträger",NA
"Ranunculus lanuginosus","Wolliger Hahnenfuß","Blauetikett Bornträger",NA
"Salix repens","Kriech-Weide","Blauetikett Bornträger",NA
"Salvia verticillata","Quirlblütiger Salbei","Blauetikett Bornträger",NA
"Sanguisorba minor","Kleiner Wiesenknopf,Pimpinelle","Blauetikett Bornträger",NA
"Trisetum flavescens","Wiesen-Goldhafer","Blauetikett Bornträger",NA
"Ulmus glabra","Berg-Ulme","Blauetikett Bornträger",NA
"Valeriana sambucifolia","Holunderblättriger Baldrian","Blauetikett Bornträger",NA
"Vicia sylvatica","Wald-Wicke","Blauetikett Bornträger",NA
"Acer campestre","Feldahorn,Maßholder","Blauetikett Bornträger",NA
"Cardamine flexuosa","Wald-Schaumkraut","Blauetikett Bornträger",NA
"Festuca altissima","Wald-Schwingel","Blauetikett Bornträger",NA
"Leucanthemum vulgare","Wiesen-Margerite,Frühe Margerite","Blauetikett Bornträger",NA
"Lonicera xylosteum","Rote Heckenkirsche","Blauetikett Bornträger",NA
"Myosotis sylvatica","Wald-Vergissmeinnicht","Blauetikett Bornträger",NA
"Plantago major","Breitwegerich","Blauetikett Bornträger","https://www.blauetikett.de/samen-1/wildblumen/plantago-major-breitwegerich.html"
"Prunus domestica","Pflaume,Zwetschge","Blauetikett Bornträger",NA
"Sparganium erectum","Ästiger Igelkolben,Aufrechter Igelkolben","Blauetikett Bornträger",NA
"Actaea spicata","Christophskraut","Blauetikett Bornträger",NA
"Armeria maritima","Strand-Grasnelke","Blauetikett Bornträger","https://www.blauetikett.de/samen-1/wildblumen/armeria-maritima-grasnelke.html"
"Cymbalaria muralis","Zimbelkraut","Blauetikett Bornträger",NA
"Linum austriacum","Österreichischer Lein","Blauetikett Bornträger",NA
"Lotus corniculatus","Gewöhnlicher Hornklee","Blauetikett Bornträger",NA
"Malva neglecta","Weg-Malve,Kleine Malve","Blauetikett Bornträger","https://www.blauetikett.de/samen-1/wildblumen/wegmalve-malva-neglecta.html"
"Malva neglecta","Weg-Malve,Kleine Malve","Blauetikett Bornträger","https://www.blauetikett.de/samen-1/wildblumen/malva-neglecta-wegmalve-k-sepappel.html"
"Malva sylvestris","Wilde Malve","Blauetikett Bornträger",NA
"Melica uniflora","Einblütiges Perlgras","Blauetikett Bornträger",NA
"Myriophyllum spicatum","Ähriges Tausendblatt","Blauetikett Bornträger",NA
"Potentilla recta","Aufrechtes Fingerkraut","Blauetikett Bornträger",NA
"Pseudofumaria lutea","Gelber Lerchensporn","Blauetikett Bornträger",NA
"Rhamnus cathartica","Kreuzdorn,Wegedorn","Blauetikett Bornträger",NA
"Salix alba","Silber-Weide","Blauetikett Bornträger",NA
"Thymus pulegioides","Breitblättriger Thymian,Gemeiner Thymian, Gewöhnlicher Thymian, Quendel-Thymian, Arznei-Thymian, Feld-Thymian","Blauetikett Bornträger","https://www.blauetikett.de/samen-1/wildblumen/thymus-pulegioides-feldthymian.html"
"Viburnum opulus","Gemeiner Schneeball","Blauetikett Bornträger",NA
"Allium ursinum","Bärlauch","Blauetikett Bornträger","https://www.blauetikett.de/samen-1/wildblumen/b-rlauch-wilder-knoblauch-allium-ursinum.html"
"Allium ursinum","Bärlauch","Blauetikett Bornträger","https://www.blauetikett.de/samen-1/wildblumen/allium-ursinum-baerlauch.html"
"Artemisia verlotiorum","Verlotscher Beifuß","Blauetikett Bornträger",NA
"Euphorbia dulcis","Süße Wolfsmilch","Blauetikett Bornträger",NA
"Leucojum aestivum","Sommer-Knotenblume","Blauetikett Bornträger",NA
"Potentilla sterilis","Erdbeer-Fingerkraut","Blauetikett Bornträger",NA
"Prenanthes purpurea","Purpur-Hasenlattich","Blauetikett Bornträger",NA
"Pulmonaria officinalis","Geflecktes Lungenkraut","Blauetikett Bornträger",NA
"Pulmonaria rubra","Rotblühendes Lungenkraut","Blauetikett Bornträger",NA
"Salvia glutinosa","Klebriger Salbei","Blauetikett Bornträger",NA
"Sambucus ebulus","Zwerg-Holunder","Blauetikett Bornträger",NA
"Tanacetum macrophyllum","Schafgarben-Margerite,Großblättrige Wucherblume","Blauetikett Bornträger",NA
"Aconitum lycoctonum","Wolfs-Eisenhut","Blauetikett Bornträger",NA
"Amelanchier ovalis","Gewöhnliche Felsenbirne,Echte Felsenbirne","Blauetikett Bornträger",NA
"Berberis vulgaris","Berberitze,Sauerdorn","Blauetikett Bornträger",NA
"Bryonia dioica","Rotfrüchtige Zaunrübe","Blauetikett Bornträger","https://www.blauetikett.de/samen-1/wildblumen/bryonia-dioica-rotfruechtige-zaunruebe.html"
"Carex ornithopoda","Vogelfuß-Segge","Blauetikett Bornträger",NA
"Carex umbrosa","Schatten-Segge","Blauetikett Bornträger",NA
"Chenopodium hybridum","Stechapfelblättriger Gänsefuß","Blauetikett Bornträger",NA
"Cicerbita alpina","Alpen-Milchlattich","Blauetikett Bornträger",NA
"Crambe maritima","Echter Meerkohl","Blauetikett Bornträger",NA
"Cynoglossum officinale","Echte Hundszunge,Gewöhnliche Hundszunge","Blauetikett Bornträger",NA
"Dactylorhiza praetermissa","Übersehene Fingerwurz,Übersehenes Knabenkraut","Blauetikett Bornträger",NA
"Epilobium roseum","Rosenrotes Weidenröschen","Blauetikett Bornträger",NA
"Epipactis helleborine","Breitblättrige Stendelwurz,Breitblättrige Sumpfwurz, Breitblättrige Sitter","Blauetikett Bornträger",NA
"Eryngium maritimum","Stranddistel","Blauetikett Bornträger",NA
"Festuca valesiaca","Walliser Schwingel","Blauetikett Bornträger",NA
"Glaucium flavum","Gelber Hornmohn","Blauetikett Bornträger",NA
"Hierochloë odorata","Duftendes Mariengras","Blauetikett Bornträger",NA
"Hippocrepis comosa","Hufeisenklee,Gewöhnlicher Hufeisenklee","Blauetikett Bornträger",NA
"Lathyrus maritimus","Strand-Platterbse","Blauetikett Bornträger",NA
"Limonium vulgare","Gewöhnlicher Strandflieder","Blauetikett Bornträger",NA
"Raphanus raphanistrum","Acker-Rettich","Blauetikett Bornträger",NA
"Rhinanthus alectorolophus","Zottiger Klappertopf","Blauetikett Bornträger",NA
"Rosa arvensis","Feldrose,Kriechrose","Blauetikett Bornträger",NA
"Rosa spinosissima","Bibernellrose","Blauetikett Bornträger",NA
"Salix bicolor","Zweifarben-Weide","Blauetikett Bornträger",NA
"Seseli montanum","Berg-Sesel","Blauetikett Bornträger",NA
"Stachys alpina","Alpen-Ziest","Blauetikett Bornträger",NA
"Ulex europaeus","Stechginster","Blauetikett Bornträger",NA
"Agrimonia eupatoria","Gewöhnlicher Odermennig,Wohlriechender Odermennig, Kleiner Odermennig","Blauetikett Bornträger","https://www.blauetikett.de/samen-1/wildblumen/agrimonia-eupatoria-kleiner-odermennig.html"
"Allium vineale","Weinbergs-Lauch","Blauetikett Bornträger",NA
"Ambrosia artemisiifolia","Beifußblättriges Traubenkraut","Blauetikett Bornträger",NA
"Anagallis arvensis","Acker-Gauchheil,Roter Gauchheil, Nebelpflanze, Weinbergsstern, Wetterkraut","Blauetikett Bornträger",NA
"Anchusa arvensis","Acker-Ochsenzunge","Blauetikett Bornträger",NA
"Arctium tomentosum","Filz-Klette","Blauetikett Bornträger",NA
"Artemisia absinthium","Echter Wermut,Absinth","Blauetikett Bornträger","https://www.blauetikett.de/samen-1/wildblumen/wermut-artemisia-absinthium.html"
"Astragalus glycyphyllos","Bärenschote","Blauetikett Bornträger",NA
"Ballota nigra","Schwarznessel","Blauetikett Bornträger","https://www.blauetikett.de/samen-1/wildblumen/ballota-nigra-schwarznessel.html"
"Brachypodium sylvaticum","Wald-Zwenke","Blauetikett Bornträger",NA
"Bromus erectus","Aufrechte Trespe","Blauetikett Bornträger",NA
"Buglossoides purpurocaerulea","Purpurblauer Steinsame,Purpurblaue Rindszunge","Blauetikett Bornträger",NA
"Calamagrostis arundinacea","Wald-Reitgras","Blauetikett Bornträger",NA
"Campanula rotundifolia","Rundblättrige Glockenblume","Blauetikett Bornträger","https://www.blauetikett.de/samen-1/wildblumen/campanula-rotundifolia-rundblatt-glockenblume.html"
"Carex arenaria","Sand-Segge","Blauetikett Bornträger",NA
"Carex spicata","Dichtährige Segge","Blauetikett Bornträger",NA
"Centaurea nigra","Schwarze Flockenblume","Blauetikett Bornträger","https://www.blauetikett.de/samen-1/wildblumen/centaurea-nigra-schwarze-flockenblume.html"
"Cerastium arvense","Acker-Hornkraut","Blauetikett Bornträger",NA
"Cichorium intybus","Wegwarte","Blauetikett Bornträger","https://www.blauetikett.de/samen-1/wildblumen/wegwarte-cichorium-intybus.html"
"Cichorium intybus","Wegwarte","Blauetikett Bornträger","https://www.blauetikett.de/samen-1/wildblumen/cichorium-intybus-wegwarte.html"
"Echium vulgare","Gewöhnlicher Natternkopf","Blauetikett Bornträger","https://www.blauetikett.de/samen-1/wildblumen/echium-vulgare-natternkopf.html"
"Epilobium parviflorum","Kleinblütiges Weidenröschen","Blauetikett Bornträger","https://www.blauetikett.de/samen-1/wildblumen/epilobium-parviflorum-kleinbl-tiges-weidenr-schen.html"
"Epilobium tetragonum","Vierkantiges Weidenröschen","Blauetikett Bornträger",NA
"Euphorbia cyparissias","Zypressen-Wolfsmilch","Blauetikett Bornträger",NA
"Festuca ovina","Schaf-Schwingel","Blauetikett Bornträger",NA
"Galium verum","Echtes Labkraut","Blauetikett Bornträger","https://www.blauetikett.de/samen-1/wildblumen/galium-verum-echtes-labkraut.html"
"Geranium phaeum","Brauner Storchschnabel","Blauetikett Bornträger",NA
"Hieracium umbellatum","Doldiges Habichtskraut","Blauetikett Bornträger",NA
"Hylotelephium maximum","Große Waldfetthenne","Blauetikett Bornträger",NA
"Knautia arvensis","Wiesen-Witwenblume","Blauetikett Bornträger","https://www.blauetikett.de/samen-1/wildblumen/knautia-arvensis-acker-witwenblume.html"
"Knautia arvensis","Wiesen-Witwenblume","Blauetikett Bornträger","https://www.blauetikett.de/samen-1/wildblumen/knautia-arvensis-acker-witwenblume-6233.html"
"Koeleria pyramidata","Großes Schillergras,Pyramiden-Schillergras","Blauetikett Bornträger",NA
"Leontodon hispidus","Steifhaariger Löwenzahn,Rauher Löwenzahn","Blauetikett Bornträger",NA
"Luzula pilosa","Haar-Hainsimse","Blauetikett Bornträger",NA
"Melampyrum pratense","Wiesen-Wachtelweizen","Blauetikett Bornträger",NA
"Molinia arundinacea","Rohr-Pfeifengras","Blauetikett Bornträger",NA
"Picris hieracioides","Gewöhnliches Bitterkraut,Habichtskraut-Bitterkraut","Blauetikett Bornträger",NA
"Plantago media","Mittlerer Wegerich","Blauetikett Bornträger",NA
"Rubus spectabilis","Lachs-Himbeere","Blauetikett Bornträger",NA
"Sedum sexangulare","Milder Mauerpfeffer","Blauetikett Bornträger",NA
"Senecio sylvaticus","Wald-Greiskraut","Blauetikett Bornträger",NA
"Silene vulgaris","Gemeines Leimkraut","Blauetikett Bornträger","https://www.blauetikett.de/samen-1/wildblumen/aufgeblasenes-leimkraut-silene-vulgaris.html"
"Symphytum tuberosum","Knoten-Beinwell,Knotige Wallwurz","Blauetikett Bornträger",NA
"Verbascum densiflorum","Großblütige Königskerze","Blauetikett Bornträger",NA
"Vicia villosa","Zottige Wicke,Winterwicke","Blauetikett Bornträger",NA
"Allium strictum","Steifer Lauch","Blauetikett Bornträger",NA
"Aruncus dioicus","Wald-Geißbart","Blauetikett Bornträger",NA
"Bupleurum falcatum","Sichel-Hasenohr,Sichelblättriges Hasenohr","Blauetikett Bornträger",NA
"Carex alba","Weiße Segge","Blauetikett Bornträger",NA
"Carex divulsa","Westfälische Segge,Leers Segge, Vielblättrige Segge","Blauetikett Bornträger",NA
"Cirsium eriophorum","Wollkopf-Kratzdistel","Blauetikett Bornträger",NA
"Dryas octopetala","Weiße Silberwurz","Blauetikett Bornträger",NA
"Galatella linosyris","Gold-Aster,Goldhaar-Aster, Goldschopf-Aster","Blauetikett Bornträger",NA
"Genista sagittalis","Flügel-Ginster","Blauetikett Bornträger",NA
"Globularia bisnagarica","Kugelblume","Blauetikett Bornträger",NA
"Iris spuria","Steppeniris,Bastard-Schwertlilie","Blauetikett Bornträger","https://www.blauetikett.de/samen-1/wildblumen/iris-spuria-steppeniris.html"
"Melampyrum sylvaticum","Wald-Wachtelweizen","Blauetikett Bornträger",NA
"Mentha suaveolens","Rundblättrige Minze,Apfel-Minze","Blauetikett Bornträger",NA
"Silene armeria","Nelkenleimkraut","Blauetikett Bornträger",NA
"Silene baccifera","Hühnerbiss,Taubenkropf","Blauetikett Bornträger",NA
"Tripolium pannonicum","Strand-Aster,Salz-Aster, Pannonien-Salzaster","Blauetikett Bornträger",NA
"Aethusa cynapium","Hundspetersilie","Blauetikett Bornträger",NA
"Artemisia maritima","Strand-Beifuß","Blauetikett Bornträger",NA
"Aster macrophyllus","Großblättrige Aster,Eurybia macrophylla","Blauetikett Bornträger",NA
"Atriplex calotheca","Pfeilblättrige Melde","Blauetikett Bornträger",NA
"Azolla filiculoides","Großer Algenfarn,Farnähnlichee Algenfarn","Blauetikett Bornträger",NA
"Cakile maritima","Europäischer Meersenf","Blauetikett Bornträger",NA
"Cardamine impatiens","Spring-Schaumkraut","Blauetikett Bornträger",NA
"Elodea canadensis","Kanadische Wasserpest","Blauetikett Bornträger",NA
"Herniaria glabra","Kahles Bruchkraut,Christenschweiß, Dürrkraut","Blauetikett Bornträger","https://www.blauetikett.de/samen-1/wildblumen/herniaria-glabra-bruchkraut.html"
"Honckenya peploides","Salzmiere","Blauetikett Bornträger",NA
"Lepidium latifolium","Pfefferkraut,Breitblättrige Kresse, Strand-Karse","Blauetikett Bornträger",NA
"Luzula campestris","Gewöhnliche Hainsimse","Blauetikett Bornträger",NA
"Narcissus pseudonarcissus","Gelbe Narzisse,Osterglocke, Trompeten-Narzisse","Blauetikett Bornträger",NA
"Narcissus poeticus","Dichter-Narzisse,Weiße Narzisse, Echte Narzisse","Blauetikett Bornträger",NA
"Petasites albus","Weiße Pestwurz","Blauetikett Bornträger",NA
"Plantago coronopus","Krähenfuß-Wegerich","Blauetikett Bornträger","https://www.blauetikett.de/samen-1/wildblumen/plantago-coronopus-hirschhornwegerich.html"
"Polygonatum verticillatum","Quirlblättrige Weißwurz","Blauetikett Bornträger",NA
"Puschkinia scilloides","Puschkinie,Kegelblume","Blauetikett Bornträger",NA
"Rosa mollis","Weichblättrige Rose","Blauetikett Bornträger",NA
"Rubus odoratus","Wohlriechende Himbeere,Zimthimbeere","Blauetikett Bornträger",NA
"Rubus vulgaris","Gewöhnliche Brombeere","Blauetikett Bornträger",NA
"Salix purpurea","Purpur-Weide","Blauetikett Bornträger",NA
"Scutellaria altissima","Hohes Helmkraut","Blauetikett Bornträger",NA
"Sedum maximum","Große Fetthenne","Blauetikett Bornträger",NA
"Sedum telephium","Purpur-Fetthenne,Große Fetthenne, Hylotelephium telephium","Blauetikett Bornträger",NA
"Tanacetum parthenium","Mutterkraut,Falsche Kamille, Zierkamille, Fieberkraut","Blauetikett Bornträger",NA
"Telekia speciosa","Große Telekie,Großblumiger Scheinalant","Blauetikett Bornträger",NA
"Thalictrum aquilegifolium","Akeleiblättrige Wiesenraute","Blauetikett Bornträger","https://www.blauetikett.de/samen-1/wildblumen/thalictrum-aquilegifolium-akeleibl-ttrige-wiesenraute.html"
"Tilia platyphyllos","Sommer-Linde","Blauetikett Bornträger",NA
"Verbascum thapsus","Kleinblütige Königskerze,Echte Königskerze","Blauetikett Bornträger","https://www.blauetikett.de/samen-1/wildblumen/verbascum-thapsus-kleinbl-tige-k-nigskerze.html"
"Dichoropetalum carvifolia","Kümmelblatt-Haarstrang","Blauetikett Bornträger",NA
"Dryopteris affinis","Heimischer Goldschuppenfarn","Blauetikett Bornträger",NA
"Eleocharis palustris","Echte Sumpfbinse","Blauetikett Bornträger",NA
"Falcaria vulgaris","Gemeine Sichelmöhre,Sicheldolde","Blauetikett Bornträger",NA
"Hyacinthoides non-scripta","Atlantisches Hasenglöckchen","Blauetikett Bornträger",NA
"Rumex scutatus","Schild-Ampfer","Blauetikett Bornträger",NA
"Thymus praecox","Frühlingsthymian,Früher Thymian","Blauetikett Bornträger",NA
"Verbascum pulverulentum","Flockige Königskerze","Blauetikett Bornträger",NA
"Viola biflora","Zweiblütiges Veilchen","Blauetikett Bornträger",NA
"Viscaria vulgaris","Gewöhnliche Pechnelke","Blauetikett Bornträger",NA
"Aconitum napellus","Blauer Eisenhut","Blauetikett Bornträger",NA
"Antirrhinum orontium","Acker-Löwenmaul","Blauetikett Bornträger",NA
"Armeria arenaria","Wegerich-Grasnelke","Blauetikett Bornträger",NA
"Centaurea stoebe","Rispen-Flockenblume","Blauetikett Bornträger",NA
"Muscari racemosum","Große Traubenhyazinthe,Perlhyazinthe","Blauetikett Bornträger",NA
"Prunus fruticosa","Zwerg-Kirsche,Zweigweichsel","Blauetikett Bornträger",NA
"Rosa scabriuscula","Kratzrose","Blauetikett Bornträger",NA
"Salix nigricans","Schwarz-Weide","Blauetikett Bornträger",NA
"Spergularia marina","Salz-Schuppenmiere","Blauetikett Bornträger",NA
"Trifolium ochroleucum","Blassgelber Klee","Blauetikett Bornträger",NA
"Veronica longifolia","Langblättriger Ehrenpreis","Blauetikett Bornträger","https://www.blauetikett.de/samen-1/wildblumen/veronica-longifolia-langbl-ttriger-ehrenpreis.html"
"Vitis sylvestris","Wilder Wein","Blauetikett Bornträger",NA
"Ribes alpinum","Alpen-Johannisbeere","Blauetikett Bornträger",NA
"Sorbus latifolia","Rundblättrige Mehlbeere","Blauetikett Bornträger",NA
"Teucrium chamaedrys","Edel-Gamander,Echter Gamander","Blauetikett Bornträger","https://www.blauetikett.de/samen-1/wildblumen/teucrium-chamaedrys-edelgamander.html"
"Angelica archangelica","Echte Engelwurz","Blauetikett Bornträger","https://www.blauetikett.de/samen-1/wildblumen/angelica-archangelica-engelwurz.html"
"Cardamine bulbifera","Zwiebel-Schaumkraut","Blauetikett Bornträger",NA
"Carlina acaulis","Silberdistel,Große Eberwurz","Blauetikett Bornträger","https://www.blauetikett.de/samen-1/wildblumen/carlina-acaulis-simplex-silberdistel.html"
"Centaurea phrygia","Phrygische Flockenblume","Blauetikett Bornträger",NA
"Knautia drymeia","Ungarische Witwenblume","Blauetikett Bornträger",NA
"Lonicera nigra","Schwarze Heckenkirsche","Blauetikett Bornträger",NA
"Luzula sylvatica","Wald-Hainsimse,Wald-Marbel","Blauetikett Bornträger",NA
"Nuphar lutea","Gelbe Teichrose","Blauetikett Bornträger",NA
"Ornithogalum umbellatum","Dolden-Milchstern","Blauetikett Bornträger",NA
"Polygala amara","Bitteres Kreuzblümchen","Blauetikett Bornträger",NA
"Portulaca oleracea","Portulak,Gemüse-Portulak, Sommerportulak","Blauetikett Bornträger",NA
"Rosa corymbifera","Heckenrose","Blauetikett Bornträger",NA
"Salix triandra","Mandel-Weide","Blauetikett Bornträger",NA
"Verbascum lychnitis","Mehlige Königskerze","Blauetikett Bornträger",NA
"Viscum album","Laubholz-Mistel,Weißbeerige Mistel","Blauetikett Bornträger",NA
"Anthriscus cerefolium","Echter Kerbel","Blauetikett Bornträger",NA
"Aster alpinus","Alpen-Aster","Blauetikett Bornträger",NA
"Iris aphylla","Nacktstengelige Schwertlilie","Blauetikett Bornträger",NA
"Mentha arvensis","Acker-Minze,Korn-Minze","Blauetikett Bornträger",NA
"Noccaea montana","Berg-Täschelkraut","Blauetikett Bornträger",NA
"Rapistrum perenne","Stauden-Rapsdotter","Blauetikett Bornträger",NA
"Spergula arvensis","Acker-Spergel,Feld-Spark","Blauetikett Bornträger",NA
"Stachys palustris","Sumpf-Ziest","Blauetikett Bornträger",NA
"Veronica spuria","Rispiger Blauweiderich","Blauetikett Bornträger",NA
"Alisma plantago-aquatica","Gewöhnlicher Froschlöffel","Blauetikett Bornträger",NA
"Carex acuta","Schlank-Segge","Blauetikett Bornträger",NA
"Carex leporina","Hasenpfoten-Segge","Blauetikett Bornträger",NA
"Carex pilulifera","Pillen-Segge","Blauetikett Bornträger",NA
"Cirsium palustre","Sumpf-Kratzdistel","Blauetikett Bornträger",NA
"Convallaria majalis","Maiglöckchen","Blauetikett Bornträger",NA
"Corydalis cava","Hohler Lerchensporn,Hohlknolliger Lerchensporn","Blauetikett Bornträger","https://www.blauetikett.de/samen-1/wildblumen/corydalis-cava-hohler-lerchensporn.html"
"Dryopteris carthusiana","Gewöhnlicher Dornfarn,Dorniger Wurmfarn","Blauetikett Bornträger",NA
"Erysimum cheiranthoides","Acker-Schöterich,Goldlack-Schotendotter, Gänsesterbkraut","Blauetikett Bornträger",NA
"Fraxinus excelsior","Gewöhnliche Esche","Blauetikett Bornträger",NA
"Hieracium lachenalii","Gewöhnliches Habichtskraut","Blauetikett Bornträger",NA
"Hieracium sabaudum","Savoyer Habichtskraut","Blauetikett Bornträger",NA
"Linaria vulgaris","Echtes Leinkraut","Blauetikett Bornträger","https://www.blauetikett.de/samen-1/wildblumen/linaria-vulgaris-gemeines-leinkraut.html"
"Luzula multiflora","Vielblütige Hainsimse","Blauetikett Bornträger",NA
"Potentilla argentea","Silber-Fingerkraut","Blauetikett Bornträger",NA
"Reseda lutea","Gelbe Resede,Gelber Wau","Blauetikett Bornträger","https://www.blauetikett.de/samen-1/wildblumen/reseda-lutea-gelber-wau.html"
"Rubus ulmifolius","Mittelmeer-Brombeere","Blauetikett Bornträger",NA
"Sisymbrium loeselii","Loesels Rauke","Blauetikett Bornträger",NA
"Spergularia rubra","Rote Schuppenmiere,Acker-Schuppenmiere","Blauetikett Bornträger",NA
"Symphytum officinale","Echter Beinwell,Beinwurz","Blauetikett Bornträger",NA
"Tragopogon porrifolius","Haferwurzel","Blauetikett Bornträger",NA
"Trifolium campestre","Feld-Klee","Blauetikett Bornträger",NA
"Trifolium medium","Mittlerer Klee,Zickzack-Klee","Blauetikett Bornträger",NA
"Trifolium pratense","Wiesenklee,Rotklee","Blauetikett Bornträger",NA
"Vaccinium myrtillus","Heidelbeere,Waldheidelbeere","Blauetikett Bornträger",NA
"Veronica officinalis","Echter Ehrenpreis,Waldehrenpreis","Blauetikett Bornträger","https://www.blauetikett.de/samen-1/wildblumen/wald-ehrenpreis-veronica-officinalis.html"
"Veronica officinalis","Echter Ehrenpreis,Waldehrenpreis","Blauetikett Bornträger","https://www.blauetikett.de/samen-1/wildblumen/veronica-officinalis-wald-ehrenpreis.html"
"Vicia angustifolia","Schmalblättrige Wicke","Blauetikett Bornträger",NA
"Vicia tetrasperma","Viersamige Wicke","Blauetikett Bornträger",NA
"Viola tricolor","Wildes Stiefmütterchen","Blauetikett Bornträger",NA
"Anthoxanthum odoratum","Gewöhnliches Ruchgras","Blauetikett Bornträger",NA
"Berteroa incana","Graukresse","Blauetikett Bornträger",NA
"Calamagrostis canescens","Sumpf-Reitgras","Blauetikett Bornträger",NA
"Centaurea montana","Berg-Flockenblume","Blauetikett Bornträger","https://www.blauetikett.de/samen-1/wildblumen/centaurea-montana-bergflockenblume.html"
"Chenopodium foliosum","Echter Erdbeerspinat","Blauetikett Bornträger",NA
"Euphorbia verrucosa","Warzen-Wolfsmilch","Blauetikett Bornträger",NA
"Glyceria maxima","Wasser-Schwaden","Blauetikett Bornträger",NA
"Lavatera thuringiaca","Thüringer Strauchpappel","Blauetikett Bornträger",NA
"Libanotis pyrenaica","Heilwurz","Blauetikett Bornträger",NA
"Linaria repens","Streifen-Leinkraut","Blauetikett Bornträger",NA
"Molinia caerulea","Gewöhnliches Pfeifengras","Blauetikett Bornträger",NA
"Rorippa amphibia","Wasser-Sumpfkresse","Blauetikett Bornträger",NA
"Sedum album","Weißer Mauerpfeffer,Weiße Fetthenne","Blauetikett Bornträger",NA
"Sorbus aria","Mehlbeere","Blauetikett Bornträger",NA
"Spergularia media","Flügelsamige Schuppenmiere","Blauetikett Bornträger",NA
"Tragopogon dubius","Großer Bocksbart","Blauetikett Bornträger",NA
"Trifolium arvense","Hasenklee","Blauetikett Bornträger",NA
