"species","url"
"Agrostemma githago","https://www.gaissmayer.de/web/shop/suche/produkte/?suche=Agrostemma%20githago"
"Alchemilla hoppeana","https://www.gaissmayer.de/web/shop/suche/produkte/?suche=Alchemilla%20hoppeana"
"Allium carinatum","https://www.gaissmayer.de/web/shop/suche/produkte/?suche=Allium%20carinatum"
"Allium schoenoprasum","https://www.gaissmayer.de/web/shop/suche/produkte/?suche=Allium%20schoenoprasum"
"Allium sphaerocephalon","https://www.gaissmayer.de/web/shop/suche/produkte/?suche=Allium%20sphaerocephalon"
"Althaea officinalis","https://www.gaissmayer.de/web/shop/suche/produkte/?suche=Althaea%20officinalis"
"Anemone sylvestris","https://www.gaissmayer.de/web/shop/suche/produkte/?suche=Anemone%20sylvestris"
"Antennaria dioica","https://www.gaissmayer.de/web/shop/suche/produkte/?suche=Antennaria%20dioica"
"Anthemis tinctoria","https://www.gaissmayer.de/web/shop/suche/produkte/?suche=Anthemis%20tinctoria"
"Anthericum liliago","https://www.gaissmayer.de/web/shop/suche/produkte/?suche=Anthericum%20liliago"
"Anthericum ramosum","https://www.gaissmayer.de/web/shop/suche/produkte/?suche=Anthericum%20ramosum"
"Apium graveolens","https://www.gaissmayer.de/web/shop/suche/produkte/?suche=Apium%20graveolens"
"Aquilegia atrata","https://www.gaissmayer.de/web/shop/suche/produkte/?suche=Aquilegia%20atrata"
"Aquilegia vulgaris","https://www.gaissmayer.de/web/shop/suche/produkte/?suche=Aquilegia%20vulgaris"
"Artemisia pontica","https://www.gaissmayer.de/web/shop/suche/produkte/?suche=Artemisia%20pontica"
"Asperula tinctoria","https://www.gaissmayer.de/web/shop/suche/produkte/?suche=Asperula%20tinctoria"
"Aster amellus","https://www.gaissmayer.de/web/shop/suche/produkte/?suche=Aster%20amellus"
"Aster linosyris","https://www.gaissmayer.de/web/shop/suche/produkte/?suche=Aster%20linosyris"
"Buphthalmum salicifolium","https://www.gaissmayer.de/web/shop/suche/produkte/?suche=Buphthalmum%20salicifolium"
"Calamagrostis varia","https://www.gaissmayer.de/web/shop/suche/produkte/?suche=Calamagrostis%20varia"
"Calla palustris","https://www.gaissmayer.de/web/shop/suche/produkte/?suche=Calla%20palustris"
"Campanula cochleariifolia","https://www.gaissmayer.de/web/shop/suche/produkte/?suche=Campanula%20cochleariifolia"
"Campanula glomerata","https://www.gaissmayer.de/web/shop/suche/produkte/?suche=Campanula%20glomerata"
"Chenopodium bonus-henricus","https://www.gaissmayer.de/web/shop/suche/produkte/?suche=Chenopodium%20bonus-henricus"
"Cirsium rivulare","https://www.gaissmayer.de/web/shop/suche/produkte/?suche=Cirsium%20rivulare"
"Cyperus longus","https://www.gaissmayer.de/web/shop/suche/produkte/?suche=Cyperus%20longus"
"Dianthus carthusianorum","https://www.gaissmayer.de/web/shop/suche/produkte/?suche=Dianthus%20carthusianorum"
"Dianthus deltoides","https://www.gaissmayer.de/web/shop/suche/produkte/?suche=Dianthus%20deltoides"
"Dianthus gratianopolitanus","https://www.gaissmayer.de/web/shop/suche/produkte/?suche=Dianthus%20gratianopolitanus"
"Dianthus superbus","https://www.gaissmayer.de/web/shop/suche/produkte/?suche=Dianthus%20superbus"
"Dictamnus albus","https://www.gaissmayer.de/web/shop/suche/produkte/?suche=Dictamnus%20albus"
"Digitalis grandiflora","https://www.gaissmayer.de/web/shop/suche/produkte/?suche=Digitalis%20grandiflora"
"Digitalis lutea","https://www.gaissmayer.de/web/shop/suche/produkte/?suche=Digitalis%20lutea"
"Dryopteris cristata","https://www.gaissmayer.de/web/shop/suche/produkte/?suche=Dryopteris%20cristata"
"Eriophorum angustifolium","https://www.gaissmayer.de/web/shop/suche/produkte/?suche=Eriophorum%20angustifolium"
"Eriophorum latifolium","https://www.gaissmayer.de/web/shop/suche/produkte/?suche=Eriophorum%20latifolium"
"Erysimum cheiri","https://www.gaissmayer.de/web/shop/suche/produkte/?suche=Erysimum%20cheiri"
"Euphorbia palustris","https://www.gaissmayer.de/web/shop/suche/produkte/?suche=Euphorbia%20palustris"
"Euphorbia seguieriana","https://www.gaissmayer.de/web/shop/suche/produkte/?suche=Euphorbia%20seguieriana"
"Festuca amethystina","https://www.gaissmayer.de/web/shop/suche/produkte/?suche=Festuca%20amethystina"
"Filipendula vulgaris","https://www.gaissmayer.de/web/shop/suche/produkte/?suche=Filipendula%20vulgaris"
"Fritillaria meleagris","https://www.gaissmayer.de/web/shop/suche/produkte/?suche=Fritillaria%20meleagris"
"Gentiana asclepiadea","https://www.gaissmayer.de/web/shop/suche/produkte/?suche=Gentiana%20asclepiadea"
"Gentiana lutea","https://www.gaissmayer.de/web/shop/suche/produkte/?suche=Gentiana%20lutea"
"Globularia punctata","https://www.gaissmayer.de/web/shop/suche/produkte/?suche=Globularia%20punctata"
"Gratiola officinalis","https://www.gaissmayer.de/web/shop/suche/produkte/?suche=Gratiola%20officinalis"
"Gypsophila repens","https://www.gaissmayer.de/web/shop/suche/produkte/?suche=Gypsophila%20repens"
"Hierochloe odorata","https://www.gaissmayer.de/web/shop/suche/produkte/?suche=Hierochloe%20odorata"
"Hyssopus officinalis","https://www.gaissmayer.de/web/shop/suche/produkte/?suche=Hyssopus%20officinalis"
"Iris germanica","https://www.gaissmayer.de/web/shop/suche/produkte/?suche=Iris%20germanica"
"Iris sibirica","https://www.gaissmayer.de/web/shop/suche/produkte/?suche=Iris%20sibirica"
"Iris variegata","https://www.gaissmayer.de/web/shop/suche/produkte/?suche=Iris%20variegata"
"Koeleria glauca","https://www.gaissmayer.de/web/shop/suche/produkte/?suche=Koeleria%20glauca"
"Leucojum vernum","https://www.gaissmayer.de/web/shop/suche/produkte/?suche=Leucojum%20vernum"
"Linum flavum","https://www.gaissmayer.de/web/shop/suche/produkte/?suche=Linum%20flavum"
"Linum perenne","https://www.gaissmayer.de/web/shop/suche/produkte/?suche=Linum%20perenne"
"Linum tenuifolium","https://www.gaissmayer.de/web/shop/suche/produkte/?suche=Linum%20tenuifolium"
"Lotus maritimus","https://www.gaissmayer.de/web/shop/suche/produkte/?suche=Lotus%20maritimus"
"Lychnis viscaria","https://www.gaissmayer.de/web/shop/suche/produkte/?suche=Lychnis%20viscaria"
"Marrubium vulgare","https://www.gaissmayer.de/web/shop/suche/produkte/?suche=Marrubium%20vulgare"
"Matteuccia struthiopteris","https://www.gaissmayer.de/web/shop/suche/produkte/?suche=Matteuccia%20struthiopteris"
"Melica ciliata","https://www.gaissmayer.de/web/shop/suche/produkte/?suche=Melica%20ciliata"
"Mentha pulegium","https://www.gaissmayer.de/web/shop/suche/produkte/?suche=Mentha%20pulegium"
"Menyanthes trifoliata","https://www.gaissmayer.de/web/shop/suche/produkte/?suche=Menyanthes%20trifoliata"
"Meum athamanticum","https://www.gaissmayer.de/web/shop/suche/produkte/?suche=Meum%20athamanticum"
"Muscari botryoides","https://www.gaissmayer.de/web/shop/suche/produkte/?suche=Muscari%20botryoides"
"Muscari comosum","https://www.gaissmayer.de/web/shop/suche/produkte/?suche=Muscari%20comosum"
"Muscari neglectum","https://www.gaissmayer.de/web/shop/suche/produkte/?suche=Muscari%20neglectum"
"Myosotis rehsteineri","https://www.gaissmayer.de/web/shop/suche/produkte/?suche=Myosotis%20rehsteineri"
"Nepeta cataria","https://www.gaissmayer.de/web/shop/suche/produkte/?suche=Nepeta%20cataria"
"Onopordum acanthium","https://www.gaissmayer.de/web/shop/suche/produkte/?suche=Onopordum%20acanthium"
"Ornithogalum nutans","https://www.gaissmayer.de/web/shop/suche/produkte/?suche=Ornithogalum%20nutans"
"Osmunda regalis","https://www.gaissmayer.de/web/shop/suche/produkte/?suche=Osmunda%20regalis"
"Peucedanum cervaria","https://www.gaissmayer.de/web/shop/suche/produkte/?suche=Peucedanum%20cervaria"
"Peucedanum officinale","https://www.gaissmayer.de/web/shop/suche/produkte/?suche=Peucedanum%20officinale"
"Peucedanum ostruthium","https://www.gaissmayer.de/web/shop/suche/produkte/?suche=Peucedanum%20ostruthium"
"Peucedanum palustre","https://www.gaissmayer.de/web/shop/suche/produkte/?suche=Peucedanum%20palustre"
"Polemonium caeruleum","https://www.gaissmayer.de/web/shop/suche/produkte/?suche=Polemonium%20caeruleum"
"Potentilla alba","https://www.gaissmayer.de/web/shop/suche/produkte/?suche=Potentilla%20alba"
"Potentilla aurea","https://www.gaissmayer.de/web/shop/suche/produkte/?suche=Potentilla%20aurea"
"Primula vulgaris","https://www.gaissmayer.de/web/shop/suche/produkte/?suche=Primula%20vulgaris"
"Prunella grandiflora","https://www.gaissmayer.de/web/shop/suche/produkte/?suche=Prunella%20grandiflora"
"Pulsatilla vulgaris","https://www.gaissmayer.de/web/shop/suche/produkte/?suche=Pulsatilla%20vulgaris"
"Rhodiola rosea","https://www.gaissmayer.de/web/shop/suche/produkte/?suche=Rhodiola%20rosea"
"Rosa gallica","https://www.gaissmayer.de/web/shop/suche/produkte/?suche=Rosa%20gallica"
"Rosa glauca","https://www.gaissmayer.de/web/shop/suche/produkte/?suche=Rosa%20glauca"
"Rosa micrantha","https://www.gaissmayer.de/web/shop/suche/produkte/?suche=Rosa%20micrantha"
"Ruta graveolens","https://www.gaissmayer.de/web/shop/suche/produkte/?suche=Ruta%20graveolens"
"Salvia nemorosa","https://www.gaissmayer.de/web/shop/suche/produkte/?suche=Salvia%20nemorosa"
"Saxifraga paniculata","https://www.gaissmayer.de/web/shop/suche/produkte/?suche=Saxifraga%20paniculata"
"Sempervivum tectorum","https://www.gaissmayer.de/web/shop/suche/produkte/?suche=Sempervivum%20tectorum"
"Stipa calamagrostis","https://www.gaissmayer.de/web/shop/suche/produkte/?suche=Stipa%20calamagrostis"
"Stipa capillata","https://www.gaissmayer.de/web/shop/suche/produkte/?suche=Stipa%20capillata"
"Stipa pennata","https://www.gaissmayer.de/web/shop/suche/produkte/?suche=Stipa%20pennata"
"Stipa pulcherrima","https://www.gaissmayer.de/web/shop/suche/produkte/?suche=Stipa%20pulcherrima"
"Taxus baccata","https://www.gaissmayer.de/web/shop/suche/produkte/?suche=Taxus%20baccata"
"Thelypteris palustris","https://www.gaissmayer.de/web/shop/suche/produkte/?suche=Thelypteris%20palustris"
"Thymus serpyllum","https://www.gaissmayer.de/web/shop/suche/produkte/?suche=Thymus%20serpyllum"
"Trollius europaeus","https://www.gaissmayer.de/web/shop/suche/produkte/?suche=Trollius%20europaeus"
"Tulipa sylvestris","https://www.gaissmayer.de/web/shop/suche/produkte/?suche=Tulipa%20sylvestris"
"Typha angustifolia","https://www.gaissmayer.de/web/shop/suche/produkte/?suche=Typha%20angustifolia"
"Typha minima","https://www.gaissmayer.de/web/shop/suche/produkte/?suche=Typha%20minima"
"Veronica austriaca","https://www.gaissmayer.de/web/shop/suche/produkte/?suche=Veronica%20austriaca"
"Cochlearia officinalis","https://www.gaissmayer.de/web/shop/suche/produkte/?suche=Cochlearia%20officinalis"
"Epilobium dodonaei","https://www.gaissmayer.de/web/shop/suche/produkte/?suche=Epilobium%20dodonaei"
"Inula ensifolia","https://www.gaissmayer.de/web/shop/suche/produkte/?suche=Inula%20ensifolia"
"Polystichum setiferum","https://www.gaissmayer.de/web/shop/suche/produkte/?suche=Polystichum%20setiferum"
"Primula x pubescens","https://www.gaissmayer.de/web/shop/suche/produkte/?suche=Primula%20x"
"Sagina subulata","https://www.gaissmayer.de/web/shop/suche/produkte/?suche=Sagina%20subulata"
"Verbascum phoeniceum","https://www.gaissmayer.de/web/shop/suche/produkte/?suche=Verbascum%20phoeniceum"
"Calamintha nepeta","https://www.gaissmayer.de/web/shop/suche/produkte/?suche=Calamintha%20nepeta"
"Lysimachia punctata","https://www.gaissmayer.de/web/shop/suche/produkte/?suche=Lysimachia%20punctata"
"Saponaria ocymoides","https://www.gaissmayer.de/web/shop/suche/produkte/?suche=Saponaria%20ocymoides"
"Adonis vernalis","https://www.gaissmayer.de/web/shop/suche/produkte/?suche=Adonis%20vernalis"
"Campanula latifolia","https://www.gaissmayer.de/web/shop/suche/produkte/?suche=Campanula%20latifolia"
"Doronicum pardalianches","https://www.gaissmayer.de/web/shop/suche/produkte/?suche=Doronicum%20pardalianches"
"Galanthus nivalis","https://www.gaissmayer.de/web/shop/suche/produkte/?suche=Galanthus%20nivalis"
"Leontopodium alpinum","https://www.gaissmayer.de/web/shop/suche/produkte/?suche=Leontopodium%20alpinum"
"Pulmonaria angustifolia","https://www.gaissmayer.de/web/shop/suche/produkte/?suche=Pulmonaria%20angustifolia"
"Asplenium scolopendrium","https://www.gaissmayer.de/web/shop/suche/produkte/?suche=Asplenium%20scolopendrium"
"Butomus umbellatus","https://www.gaissmayer.de/web/shop/suche/produkte/?suche=Butomus%20umbellatus"
"Clematis recta","https://www.gaissmayer.de/web/shop/suche/produkte/?suche=Clematis%20recta"
"Corydalis solida","https://www.gaissmayer.de/web/shop/suche/produkte/?suche=Corydalis%20solida"
"Cyclamen purpurascens","https://www.gaissmayer.de/web/shop/suche/produkte/?suche=Cyclamen%20purpurascens"
"Gentiana acaulis","https://www.gaissmayer.de/web/shop/suche/produkte/?suche=Gentiana%20acaulis"
"Helleborus foetidus","https://www.gaissmayer.de/web/shop/suche/produkte/?suche=Helleborus%20foetidus"
"Isatis tinctoria","https://www.gaissmayer.de/web/shop/suche/produkte/?suche=Isatis%20tinctoria"
"Lithospermum purpurocaeruleum","https://www.gaissmayer.de/web/shop/suche/produkte/?suche=Lithospermum%20purpurocaeruleum"
"Lunaria rediviva","https://www.gaissmayer.de/web/shop/suche/produkte/?suche=Lunaria%20rediviva"
"Luzula nivea","https://www.gaissmayer.de/web/shop/suche/produkte/?suche=Luzula%20nivea"
"Malva moschata","https://www.gaissmayer.de/web/shop/suche/produkte/?suche=Malva%20moschata"
"Melittis melissophyllum","https://www.gaissmayer.de/web/shop/suche/produkte/?suche=Melittis%20melissophyllum"
"Petrorhagia saxifraga","https://www.gaissmayer.de/web/shop/suche/produkte/?suche=Petrorhagia%20saxifraga"
"Physalis alkekengi","https://www.gaissmayer.de/web/shop/suche/produkte/?suche=Physalis%20alkekengi"
"Ribes nigrum","https://www.gaissmayer.de/web/shop/suche/produkte/?suche=Ribes%20nigrum"
"Scilla bifolia","https://www.gaissmayer.de/web/shop/suche/produkte/?suche=Scilla%20bifolia"
"Silene viscaria","https://www.gaissmayer.de/web/shop/suche/produkte/?suche=Silene%20viscaria"
"Tetragonolobus maritimus","https://www.gaissmayer.de/web/shop/suche/produkte/?suche=Tetragonolobus%20maritimus"
"Thalictrum lucidum","https://www.gaissmayer.de/web/shop/suche/produkte/?suche=Thalictrum%20lucidum"
"Mentha x rotundifolia","https://www.gaissmayer.de/web/shop/suche/produkte/?suche=Mentha%20x"
"Potentilla crantzii","https://www.gaissmayer.de/web/shop/suche/produkte/?suche=Potentilla%20crantzii"
"Achillea ptarmica","https://www.gaissmayer.de/web/shop/suche/produkte/?suche=Achillea%20ptarmica"
"Ajuga genevensis","https://www.gaissmayer.de/web/shop/suche/produkte/?suche=Ajuga%20genevensis"
"Ajuga reptans","https://www.gaissmayer.de/web/shop/suche/produkte/?suche=Ajuga%20reptans"
"Alchemilla vulgaris","https://www.gaissmayer.de/web/shop/suche/produkte/?suche=Alchemilla%20vulgaris"
"Anemone nemorosa","https://www.gaissmayer.de/web/shop/suche/produkte/?suche=Anemone%20nemorosa"
"Anemone ranunculoides","https://www.gaissmayer.de/web/shop/suche/produkte/?suche=Anemone%20ranunculoides"
"Angelica sylvestris","https://www.gaissmayer.de/web/shop/suche/produkte/?suche=Angelica%20sylvestris"
"Anthyllis vulneraria","https://www.gaissmayer.de/web/shop/suche/produkte/?suche=Anthyllis%20vulneraria"
"Asarum europaeum","https://www.gaissmayer.de/web/shop/suche/produkte/?suche=Asarum%20europaeum"
"Asplenium trichomanes","https://www.gaissmayer.de/web/shop/suche/produkte/?suche=Asplenium%20trichomanes"
"Barbarea vulgaris","https://www.gaissmayer.de/web/shop/suche/produkte/?suche=Barbarea%20vulgaris"
"Bistorta officinalis","https://www.gaissmayer.de/web/shop/suche/produkte/?suche=Bistorta%20officinalis"
"Blechnum spicant","https://www.gaissmayer.de/web/shop/suche/produkte/?suche=Blechnum%20spicant"
"Briza media","https://www.gaissmayer.de/web/shop/suche/produkte/?suche=Briza%20media"
"Caltha palustris","https://www.gaissmayer.de/web/shop/suche/produkte/?suche=Caltha%20palustris"
"Campanula persicifolia","https://www.gaissmayer.de/web/shop/suche/produkte/?suche=Campanula%20persicifolia"
"Campanula trachelium","https://www.gaissmayer.de/web/shop/suche/produkte/?suche=Campanula%20trachelium"
"Cardamine pratensis","https://www.gaissmayer.de/web/shop/suche/produkte/?suche=Cardamine%20pratensis"
"Carex caryophyllea","https://www.gaissmayer.de/web/shop/suche/produkte/?suche=Carex%20caryophyllea"
"Carex digitata","https://www.gaissmayer.de/web/shop/suche/produkte/?suche=Carex%20digitata"
"Carex elata","https://www.gaissmayer.de/web/shop/suche/produkte/?suche=Carex%20elata"
"Carex montana","https://www.gaissmayer.de/web/shop/suche/produkte/?suche=Carex%20montana"
"Carex pendula","https://www.gaissmayer.de/web/shop/suche/produkte/?suche=Carex%20pendula"
"Carex remota","https://www.gaissmayer.de/web/shop/suche/produkte/?suche=Carex%20remota"
"Carum carvi","https://www.gaissmayer.de/web/shop/suche/produkte/?suche=Carum%20carvi"
"Centaurea cyanus","https://www.gaissmayer.de/web/shop/suche/produkte/?suche=Centaurea%20cyanus"
"Centaurea jacea","https://www.gaissmayer.de/web/shop/suche/produkte/?suche=Centaurea%20jacea"
"Centaurea scabiosa","https://www.gaissmayer.de/web/shop/suche/produkte/?suche=Centaurea%20scabiosa"
"Centaurium erythraea","https://www.gaissmayer.de/web/shop/suche/produkte/?suche=Centaurium%20erythraea"
"Chrysosplenium alternifolium","https://www.gaissmayer.de/web/shop/suche/produkte/?suche=Chrysosplenium%20alternifolium"
"Colchicum autumnale","https://www.gaissmayer.de/web/shop/suche/produkte/?suche=Colchicum%20autumnale"
"Equisetum hyemale","https://www.gaissmayer.de/web/shop/suche/produkte/?suche=Equisetum%20hyemale"
"Galium odoratum","https://www.gaissmayer.de/web/shop/suche/produkte/?suche=Galium%20odoratum"
"Geranium palustre","https://www.gaissmayer.de/web/shop/suche/produkte/?suche=Geranium%20palustre"
"Geranium sanguineum","https://www.gaissmayer.de/web/shop/suche/produkte/?suche=Geranium%20sanguineum"
"Geum rivale","https://www.gaissmayer.de/web/shop/suche/produkte/?suche=Geum%20rivale"
"Hepatica nobilis","https://www.gaissmayer.de/web/shop/suche/produkte/?suche=Hepatica%20nobilis"
"Inula helenium","https://www.gaissmayer.de/web/shop/suche/produkte/?suche=Inula%20helenium"
"Juncus inflexus","https://www.gaissmayer.de/web/shop/suche/produkte/?suche=Juncus%20inflexus"
"Lamium maculatum","https://www.gaissmayer.de/web/shop/suche/produkte/?suche=Lamium%20maculatum"
"Lathyrus niger","https://www.gaissmayer.de/web/shop/suche/produkte/?suche=Lathyrus%20niger"
"Lathyrus vernus","https://www.gaissmayer.de/web/shop/suche/produkte/?suche=Lathyrus%20vernus"
"Leymus arenarius","https://www.gaissmayer.de/web/shop/suche/produkte/?suche=Leymus%20arenarius"
"Lychnis flos-cuculi","https://www.gaissmayer.de/web/shop/suche/produkte/?suche=Lychnis%20flos-cuculi"
"Malva alcea","https://www.gaissmayer.de/web/shop/suche/produkte/?suche=Malva%20alcea"
"Mentha longifolia","https://www.gaissmayer.de/web/shop/suche/produkte/?suche=Mentha%20longifolia"
"Milium effusum","https://www.gaissmayer.de/web/shop/suche/produkte/?suche=Milium%20effusum"
"Myrrhis odorata","https://www.gaissmayer.de/web/shop/suche/produkte/?suche=Myrrhis%20odorata"
"Nasturtium officinale","https://www.gaissmayer.de/web/shop/suche/produkte/?suche=Nasturtium%20officinale"
"Ononis spinosa","https://www.gaissmayer.de/web/shop/suche/produkte/?suche=Ononis%20spinosa"
"Origanum vulgare","https://www.gaissmayer.de/web/shop/suche/produkte/?suche=Origanum%20vulgare"
"Pimpinella saxifraga","https://www.gaissmayer.de/web/shop/suche/produkte/?suche=Pimpinella%20saxifraga"
"Polygonatum multiflorum","https://www.gaissmayer.de/web/shop/suche/produkte/?suche=Polygonatum%20multiflorum"
"Polygonatum odoratum","https://www.gaissmayer.de/web/shop/suche/produkte/?suche=Polygonatum%20odoratum"
"Polypodium vulgare","https://www.gaissmayer.de/web/shop/suche/produkte/?suche=Polypodium%20vulgare"
"Polystichum aculeatum","https://www.gaissmayer.de/web/shop/suche/produkte/?suche=Polystichum%20aculeatum"
"Potentilla erecta","https://www.gaissmayer.de/web/shop/suche/produkte/?suche=Potentilla%20erecta"
"Potentilla neumanniana","https://www.gaissmayer.de/web/shop/suche/produkte/?suche=Potentilla%20neumanniana"
"Primula veris","https://www.gaissmayer.de/web/shop/suche/produkte/?suche=Primula%20veris"
"Pulmonaria obscura","https://www.gaissmayer.de/web/shop/suche/produkte/?suche=Pulmonaria%20obscura"
"Rumex acetosa","https://www.gaissmayer.de/web/shop/suche/produkte/?suche=Rumex%20acetosa"
"Rumex sanguineus","https://www.gaissmayer.de/web/shop/suche/produkte/?suche=Rumex%20sanguineus"
"Salvia pratensis","https://www.gaissmayer.de/web/shop/suche/produkte/?suche=Salvia%20pratensis"
"Sanguisorba officinalis","https://www.gaissmayer.de/web/shop/suche/produkte/?suche=Sanguisorba%20officinalis"
"Sanicula europaea","https://www.gaissmayer.de/web/shop/suche/produkte/?suche=Sanicula%20europaea"
"Scabiosa columbaria","https://www.gaissmayer.de/web/shop/suche/produkte/?suche=Scabiosa%20columbaria"
"Schoenoplectus lacustris","https://www.gaissmayer.de/web/shop/suche/produkte/?suche=Schoenoplectus%20lacustris"
"Sedum rupestre","https://www.gaissmayer.de/web/shop/suche/produkte/?suche=Sedum%20rupestre"
"Solidago virgaurea","https://www.gaissmayer.de/web/shop/suche/produkte/?suche=Solidago%20virgaurea"
"Stachys recta","https://www.gaissmayer.de/web/shop/suche/produkte/?suche=Stachys%20recta"
"Stellaria holostea","https://www.gaissmayer.de/web/shop/suche/produkte/?suche=Stellaria%20holostea"
"Succisa pratensis","https://www.gaissmayer.de/web/shop/suche/produkte/?suche=Succisa%20pratensis"
"Teucrium scorodonia","https://www.gaissmayer.de/web/shop/suche/produkte/?suche=Teucrium%20scorodonia"
"Thalictrum flavum","https://www.gaissmayer.de/web/shop/suche/produkte/?suche=Thalictrum%20flavum"
"Valeriana officinalis","https://www.gaissmayer.de/web/shop/suche/produkte/?suche=Valeriana%20officinalis"
"Verbena officinalis","https://www.gaissmayer.de/web/shop/suche/produkte/?suche=Verbena%20officinalis"
"Veronica beccabunga","https://www.gaissmayer.de/web/shop/suche/produkte/?suche=Veronica%20beccabunga"
"Veronica prostrata","https://www.gaissmayer.de/web/shop/suche/produkte/?suche=Veronica%20prostrata"
"Veronica spicata","https://www.gaissmayer.de/web/shop/suche/produkte/?suche=Veronica%20spicata"
"Veronica teucrium","https://www.gaissmayer.de/web/shop/suche/produkte/?suche=Veronica%20teucrium"
"Sesleria caerulea","https://www.gaissmayer.de/web/shop/suche/produkte/?suche=Sesleria%20caerulea"
"Alchemilla xanthochlora","https://www.gaissmayer.de/web/shop/suche/produkte/?suche=Alchemilla%20xanthochlora"
"Alyssum montanum","https://www.gaissmayer.de/web/shop/suche/produkte/?suche=Alyssum%20montanum"
"Astrantia major","https://www.gaissmayer.de/web/shop/suche/produkte/?suche=Astrantia%20major"
"Dianthus arenarius","https://www.gaissmayer.de/web/shop/suche/produkte/?suche=Dianthus%20arenarius"
"Eryngium planum","https://www.gaissmayer.de/web/shop/suche/produkte/?suche=Eryngium%20planum"
"Geranium sylvaticum","https://www.gaissmayer.de/web/shop/suche/produkte/?suche=Geranium%20sylvaticum"
"Primula elatior","https://www.gaissmayer.de/web/shop/suche/produkte/?suche=Primula%20elatior"
"Lilium martagon","https://www.gaissmayer.de/web/shop/suche/produkte/?suche=Lilium%20martagon"
"Scabiosa ochroleuca","https://www.gaissmayer.de/web/shop/suche/produkte/?suche=Scabiosa%20ochroleuca"
"Tanacetum corymbosum","https://www.gaissmayer.de/web/shop/suche/produkte/?suche=Tanacetum%20corymbosum"
"Geranium pratense","https://www.gaissmayer.de/web/shop/suche/produkte/?suche=Geranium%20pratense"
"Leonurus cardiaca","https://www.gaissmayer.de/web/shop/suche/produkte/?suche=Leonurus%20cardiaca"
"Salvia verticillata","https://www.gaissmayer.de/web/shop/suche/produkte/?suche=Salvia%20verticillata"
"Sanguisorba minor","https://www.gaissmayer.de/web/shop/suche/produkte/?suche=Sanguisorba%20minor"
"Leucanthemum vulgare","https://www.gaissmayer.de/web/shop/suche/produkte/?suche=Leucanthemum%20vulgare"
"Plantago major","https://www.gaissmayer.de/web/shop/suche/produkte/?suche=Plantago%20major"
"Armeria maritima","https://www.gaissmayer.de/web/shop/suche/produkte/?suche=Armeria%20maritima"
"Cymbalaria muralis","https://www.gaissmayer.de/web/shop/suche/produkte/?suche=Cymbalaria%20muralis"
"Lotus corniculatus","https://www.gaissmayer.de/web/shop/suche/produkte/?suche=Lotus%20corniculatus"
"Malva sylvestris","https://www.gaissmayer.de/web/shop/suche/produkte/?suche=Malva%20sylvestris"
"Melica uniflora","https://www.gaissmayer.de/web/shop/suche/produkte/?suche=Melica%20uniflora"
"Potentilla recta","https://www.gaissmayer.de/web/shop/suche/produkte/?suche=Potentilla%20recta"
"Pseudofumaria lutea","https://www.gaissmayer.de/web/shop/suche/produkte/?suche=Pseudofumaria%20lutea"
"Thymus pulegioides","https://www.gaissmayer.de/web/shop/suche/produkte/?suche=Thymus%20pulegioides"
"Allium ursinum","https://www.gaissmayer.de/web/shop/suche/produkte/?suche=Allium%20ursinum"
"Leucojum aestivum","https://www.gaissmayer.de/web/shop/suche/produkte/?suche=Leucojum%20aestivum"
"Potentilla sterilis","https://www.gaissmayer.de/web/shop/suche/produkte/?suche=Potentilla%20sterilis"
"Pulmonaria officinalis","https://www.gaissmayer.de/web/shop/suche/produkte/?suche=Pulmonaria%20officinalis"
"Pulmonaria rubra","https://www.gaissmayer.de/web/shop/suche/produkte/?suche=Pulmonaria%20rubra"
"Salvia glutinosa","https://www.gaissmayer.de/web/shop/suche/produkte/?suche=Salvia%20glutinosa"
"Tanacetum macrophyllum","https://www.gaissmayer.de/web/shop/suche/produkte/?suche=Tanacetum%20macrophyllum"
"Aconitum lycoctonum","https://www.gaissmayer.de/web/shop/suche/produkte/?suche=Aconitum%20lycoctonum"
"Bryonia dioica","https://www.gaissmayer.de/web/shop/suche/produkte/?suche=Bryonia%20dioica"
"Carex ornithopoda","https://www.gaissmayer.de/web/shop/suche/produkte/?suche=Carex%20ornithopoda"
"Carex umbrosa","https://www.gaissmayer.de/web/shop/suche/produkte/?suche=Carex%20umbrosa"
"Crambe maritima","https://www.gaissmayer.de/web/shop/suche/produkte/?suche=Crambe%20maritima"
"Hierochloë odorata","https://www.gaissmayer.de/web/shop/suche/produkte/?suche=Hierochloë%20odorata"
"Rosa spinosissima","https://www.gaissmayer.de/web/shop/suche/produkte/?suche=Rosa%20spinosissima"
"Seseli montanum","https://www.gaissmayer.de/web/shop/suche/produkte/?suche=Seseli%20montanum"
"Agrimonia eupatoria","https://www.gaissmayer.de/web/shop/suche/produkte/?suche=Agrimonia%20eupatoria"
"Allium vineale","https://www.gaissmayer.de/web/shop/suche/produkte/?suche=Allium%20vineale"
"Artemisia absinthium","https://www.gaissmayer.de/web/shop/suche/produkte/?suche=Artemisia%20absinthium"
"Campanula rotundifolia","https://www.gaissmayer.de/web/shop/suche/produkte/?suche=Campanula%20rotundifolia"
"Cichorium intybus","https://www.gaissmayer.de/web/shop/suche/produkte/?suche=Cichorium%20intybus"
"Echium vulgare","https://www.gaissmayer.de/web/shop/suche/produkte/?suche=Echium%20vulgare"
"Euphorbia cyparissias","https://www.gaissmayer.de/web/shop/suche/produkte/?suche=Euphorbia%20cyparissias"
"Festuca ovina","https://www.gaissmayer.de/web/shop/suche/produkte/?suche=Festuca%20ovina"
"Galium verum","https://www.gaissmayer.de/web/shop/suche/produkte/?suche=Galium%20verum"
"Geranium phaeum","https://www.gaissmayer.de/web/shop/suche/produkte/?suche=Geranium%20phaeum"
"Knautia arvensis","https://www.gaissmayer.de/web/shop/suche/produkte/?suche=Knautia%20arvensis"
"Luzula pilosa","https://www.gaissmayer.de/web/shop/suche/produkte/?suche=Luzula%20pilosa"
"Molinia arundinacea","https://www.gaissmayer.de/web/shop/suche/produkte/?suche=Molinia%20arundinacea"
"Sedum sexangulare","https://www.gaissmayer.de/web/shop/suche/produkte/?suche=Sedum%20sexangulare"
"Silene vulgaris","https://www.gaissmayer.de/web/shop/suche/produkte/?suche=Silene%20vulgaris"
"Verbascum densiflorum","https://www.gaissmayer.de/web/shop/suche/produkte/?suche=Verbascum%20densiflorum"
"Aruncus dioicus","https://www.gaissmayer.de/web/shop/suche/produkte/?suche=Aruncus%20dioicus"
"Iris spuria","https://www.gaissmayer.de/web/shop/suche/produkte/?suche=Iris%20spuria"
"Mentha suaveolens","https://www.gaissmayer.de/web/shop/suche/produkte/?suche=Mentha%20suaveolens"
"Silene armeria","https://www.gaissmayer.de/web/shop/suche/produkte/?suche=Silene%20armeria"
"Aster macrophyllus","https://www.gaissmayer.de/web/shop/suche/produkte/?suche=Aster%20macrophyllus"
"Herniaria glabra","https://www.gaissmayer.de/web/shop/suche/produkte/?suche=Herniaria%20glabra"
"Narcissus pseudonarcissus","https://www.gaissmayer.de/web/shop/suche/produkte/?suche=Narcissus%20pseudonarcissus"
"Narcissus poeticus","https://www.gaissmayer.de/web/shop/suche/produkte/?suche=Narcissus%20poeticus"
"Plantago coronopus","https://www.gaissmayer.de/web/shop/suche/produkte/?suche=Plantago%20coronopus"
"Puschkinia scilloides","https://www.gaissmayer.de/web/shop/suche/produkte/?suche=Puschkinia%20scilloides"
"Sedum maximum","https://www.gaissmayer.de/web/shop/suche/produkte/?suche=Sedum%20maximum"
"Sedum telephium","https://www.gaissmayer.de/web/shop/suche/produkte/?suche=Sedum%20telephium"
"Tanacetum parthenium","https://www.gaissmayer.de/web/shop/suche/produkte/?suche=Tanacetum%20parthenium"
"Telekia speciosa","https://www.gaissmayer.de/web/shop/suche/produkte/?suche=Telekia%20speciosa"
"Dryopteris affinis","https://www.gaissmayer.de/web/shop/suche/produkte/?suche=Dryopteris%20affinis"
"Hyacinthoides non-scripta","https://www.gaissmayer.de/web/shop/suche/produkte/?suche=Hyacinthoides%20non-scripta"
"Rumex scutatus","https://www.gaissmayer.de/web/shop/suche/produkte/?suche=Rumex%20scutatus"
"Thymus praecox","https://www.gaissmayer.de/web/shop/suche/produkte/?suche=Thymus%20praecox"
"Viola biflora","https://www.gaissmayer.de/web/shop/suche/produkte/?suche=Viola%20biflora"
"Aconitum napellus","https://www.gaissmayer.de/web/shop/suche/produkte/?suche=Aconitum%20napellus"
"Veronica longifolia","https://www.gaissmayer.de/web/shop/suche/produkte/?suche=Veronica%20longifolia"
"Teucrium chamaedrys","https://www.gaissmayer.de/web/shop/suche/produkte/?suche=Teucrium%20chamaedrys"
"Angelica archangelica","https://www.gaissmayer.de/web/shop/suche/produkte/?suche=Angelica%20archangelica"
"Carlina acaulis","https://www.gaissmayer.de/web/shop/suche/produkte/?suche=Carlina%20acaulis"
"Luzula sylvatica","https://www.gaissmayer.de/web/shop/suche/produkte/?suche=Luzula%20sylvatica"
"Ornithogalum umbellatum","https://www.gaissmayer.de/web/shop/suche/produkte/?suche=Ornithogalum%20umbellatum"
"Anthriscus cerefolium","https://www.gaissmayer.de/web/shop/suche/produkte/?suche=Anthriscus%20cerefolium"
"Aster alpinus","https://www.gaissmayer.de/web/shop/suche/produkte/?suche=Aster%20alpinus"
"Mentha arvensis","https://www.gaissmayer.de/web/shop/suche/produkte/?suche=Mentha%20arvensis"
"Convallaria majalis","https://www.gaissmayer.de/web/shop/suche/produkte/?suche=Convallaria%20majalis"
"Symphytum officinale","https://www.gaissmayer.de/web/shop/suche/produkte/?suche=Symphytum%20officinale"
"Veronica officinalis","https://www.gaissmayer.de/web/shop/suche/produkte/?suche=Veronica%20officinalis"
"Viola tricolor","https://www.gaissmayer.de/web/shop/suche/produkte/?suche=Viola%20tricolor"
"Anthoxanthum odoratum","https://www.gaissmayer.de/web/shop/suche/produkte/?suche=Anthoxanthum%20odoratum"
"Centaurea montana","https://www.gaissmayer.de/web/shop/suche/produkte/?suche=Centaurea%20montana"
"Lavatera thuringiaca","https://www.gaissmayer.de/web/shop/suche/produkte/?suche=Lavatera%20thuringiaca"
"Molinia caerulea","https://www.gaissmayer.de/web/shop/suche/produkte/?suche=Molinia%20caerulea"
"Sedum album","https://www.gaissmayer.de/web/shop/suche/produkte/?suche=Sedum%20album"
